order_id,customer_id,order_date,order_amount,status
,cus_69471,2026-07-23T20:58:09.255Z,277.83,shipped
,cus_37251,2026-07-16T05:54:33.372Z,929.78,completed
,cus_36199,2026-07-10T02:22:25.993Z,234.55,completed
,cus_26863,2026-07-09T16:17:49.853Z,305.92,shipped
,cus_80064,2026-07-12T23:33:48.262Z,832.60,completed
,cus_48964,2026-07-22T21:49:19.050Z,782.40,shipped
,cus_55774,2026-07-12T06:49:04.448Z,768.47,shipped
,cus_76027,2026-07-13T12:49:06.469Z,13.32,completed
,cus_41864,2026-07-15T22:11:26.356Z,540.87,pending
,cus_20278,2026-07-18T12:32:58.569Z,780.86,pending
,cus_85093,2026-07-09T16:48:15.618Z,557.92,pending
,cus_59771,2026-07-22T04:08:28.170Z,34.75,failed
,cus_95703,2026-07-11T21:07:24.864Z,989.02,shipped
,cus_59559,2026-07-11T16:23:08.600Z,86.71,completed
,cus_93423,2026-07-18T06:21:25.568Z,889.74,failed
,cus_87239,2026-07-11T04:06:04.338Z,566.81,completed
,cus_35945,2026-07-19T12:50:38.707Z,356.96,pending
,cus_53622,2026-07-24T02:14:27.236Z,788.11,shipped
,cus_67915,2026-07-09T18:45:09.192Z,894.22,pending
,cus_53902,2026-07-23T20:50:36.984Z,123.87,completed
,cus_30370,2026-07-20T22:29:14.059Z,625.13,shipped
,cus_20086,2026-07-11T08:23:42.598Z,126.30,shipped
,cus_27578,2026-07-13T18:38:32.786Z,742.52,pending
,cus_52899,2026-07-20T21:32:53.263Z,196.33,completed
,cus_88093,2026-07-23T07:03:03.178Z,837.76,failed
,cus_91610,2026-07-13T22:52:49.242Z,678.19,failed
,cus_10614,2026-07-15T00:19:21.873Z,242.83,completed
,cus_47043,2026-07-22T18:11:57.181Z,438.11,completed
,cus_79890,2026-07-22T16:02:12.556Z,296.22,pending
,cus_90133,2026-07-18T00:35:00.540Z,735.31,shipped
,cus_94583,2026-07-17T18:37:06.226Z,73.45,shipped
,cus_11260,2026-07-18T11:53:54.469Z,730.04,completed
,cus_87262,2026-07-12T05:00:21.577Z,975.78,pending
,cus_24181,2026-07-20T21:42:50.046Z,145.76,pending
,cus_23249,2026-07-15T16:39:15.707Z,205.49,pending
,cus_59763,2026-07-13T00:53:23.985Z,843.09,failed
,cus_63106,2026-07-20T18:24:19.852Z,951.74,failed
,cus_47303,2026-07-12T06:36:11.585Z,491.25,pending
,cus_37772,2026-07-19T23:02:19.554Z,835.69,completed
,cus_12050,2026-07-11T03:54:07.747Z,110.46,completed
,cus_66717,2026-07-19T04:10:23.955Z,785.57,pending
,cus_79136,2026-07-24T06:53:41.833Z,404.94,completed
,cus_72418,2026-07-13T03:02:17.060Z,41.41,failed
,cus_71501,2026-07-14T18:08:56.554Z,331.82,failed
,cus_66359,2026-07-21T12:53:03.534Z,299.27,failed
,cus_29005,2026-07-15T20:11:28.850Z,710.21,completed
,cus_52749,2026-07-18T03:06:39.491Z,184.76,pending
,cus_75254,2026-07-19T06:41:35.665Z,541.57,failed
,cus_20616,2026-07-24T07:52:44.153Z,12.52,pending
,cus_79218,2026-07-11T21:32:17.810Z,226.71,shipped
,cus_28438,2026-07-11T20:22:57.149Z,302.40,pending
,cus_31889,2026-07-15T17:41:30.600Z,687.44,shipped
,cus_70929,2026-07-14T14:10:02.770Z,858.74,failed
,cus_49120,2026-07-18T17:21:01.531Z,233.40,completed
,cus_33732,2026-07-19T00:36:32.177Z,292.67,pending
,cus_25678,2026-07-11T06:06:58.528Z,969.21,shipped
,cus_78780,2026-07-21T23:08:28.828Z,920.52,pending
,cus_55821,2026-07-22T14:38:21.723Z,112.95,shipped
,cus_58018,2026-07-12T07:25:03.352Z,456.13,failed
,cus_56473,2026-07-21T01:02:31.649Z,636.33,completed
,cus_23116,2026-07-10T13:26:11.437Z,840.27,shipped
,cus_80423,2026-07-16T17:05:59.919Z,340.01,shipped
,cus_26265,2026-07-23T14:59:51.821Z,786.14,pending
,cus_86866,2026-07-24T05:55:11.406Z,557.40,completed
,cus_79551,2026-07-15T12:11:12.319Z,878.62,shipped
,cus_34047,2026-07-23T16:05:52.804Z,632.96,pending
,cus_44015,2026-07-12T17:15:41.419Z,93.96,completed
,cus_64245,2026-07-15T08:36:29.941Z,348.34,pending
,cus_15813,2026-07-14T07:17:54.401Z,658.63,completed
,cus_38801,2026-07-20T22:02:16.151Z,623.05,shipped
,cus_57495,2026-07-21T14:39:00.205Z,414.92,failed
,cus_13608,2026-07-14T23:02:28.623Z,106.89,shipped
,cus_96810,2026-07-12T05:37:06.077Z,704.03,completed
,cus_69796,2026-07-21T00:28:29.461Z,769.47,failed
,cus_35866,2026-07-24T05:49:31.782Z,360.08,shipped
,cus_67312,2026-07-13T15:07:29.967Z,929.53,failed
,cus_24075,2026-07-20T23:28:29.846Z,680.52,pending
,cus_80701,2026-07-21T11:59:12.802Z,276.64,completed
,cus_80726,2026-07-21T11:50:38.113Z,929.91,failed
,cus_47469,2026-07-12T03:50:09.722Z,27.63,pending
,cus_25627,2026-07-23T11:12:46.200Z,408.85,pending
,cus_88840,2026-07-21T12:41:55.109Z,977.01,failed
,cus_13674,2026-07-17T05:54:54.155Z,511.26,failed
,cus_10779,2026-07-14T06:16:37.395Z,766.16,pending
,cus_52913,2026-07-17T20:28:38.972Z,78.93,pending
,cus_13783,2026-07-11T17:08:04.077Z,345.68,failed
,cus_17758,2026-07-16T07:05:28.917Z,405.80,pending
,cus_48203,2026-07-12T01:05:21.146Z,473.89,failed
,cus_37619,2026-07-12T06:21:44.707Z,99.11,pending
,cus_16000,2026-07-13T04:24:29.274Z,654.32,shipped
,cus_13348,2026-07-18T23:15:57.007Z,12.41,completed
,cus_99176,2026-07-12T16:16:06.225Z,418.71,failed
,cus_70581,2026-07-22T00:03:26.203Z,748.14,failed
,cus_99675,2026-07-14T07:24:55.892Z,25.96,completed
,cus_93813,2026-07-10T17:08:55.079Z,847.25,shipped
,cus_84883,2026-07-10T19:44:17.344Z,432.04,shipped
,cus_91394,2026-07-21T12:04:03.290Z,396.32,pending
,cus_63281,2026-07-13T05:15:05.793Z,455.93,completed
,cus_81949,2026-07-11T00:51:56.572Z,559.06,pending
,cus_25818,2026-07-13T18:19:34.839Z,786.33,failed
,cus_51442,2026-07-10T07:23:21.453Z,236.64,completed
,cus_69964,2026-07-24T08:26:21.818Z,19.05,failed
,cus_47433,2026-07-15T11:44:47.376Z,487.92,shipped
,cus_56347,2026-07-12T11:13:10.840Z,69.70,shipped
,cus_73005,2026-07-15T21:58:56.127Z,785.50,failed
,cus_87007,2026-07-23T04:54:10.132Z,638.62,failed
,cus_76366,2026-07-16T16:24:46.315Z,405.65,pending
,cus_36469,2026-07-19T05:13:39.067Z,17.17,failed
,cus_45037,2026-07-20T11:11:24.363Z,149.12,pending
,cus_67118,2026-07-21T22:54:55.138Z,729.00,shipped
,cus_26566,2026-07-12T19:22:55.472Z,474.32,completed
,cus_97164,2026-07-21T17:01:42.852Z,479.22,pending
,cus_87685,2026-07-19T16:59:11.948Z,520.02,pending
,cus_24943,2026-07-20T17:49:07.770Z,909.36,pending
,cus_58751,2026-07-18T15:02:29.696Z,513.52,pending
,cus_51413,2026-07-16T03:05:30.201Z,295.90,completed
,cus_18735,2026-07-12T22:54:41.809Z,848.70,shipped
,cus_57857,2026-07-22T22:33:02.387Z,964.08,shipped
,cus_32141,2026-07-11T16:39:12.907Z,117.10,failed
,cus_99678,2026-07-14T21:09:34.217Z,539.02,completed
,cus_60818,2026-07-23T11:40:14.008Z,807.79,pending
,cus_72497,2026-07-18T23:12:09.899Z,834.74,pending
,cus_88808,2026-07-16T06:41:17.747Z,933.73,pending
,cus_82530,2026-07-24T14:29:47.441Z,595.44,completed
,cus_59290,2026-07-12T06:34:53.978Z,178.97,shipped
,cus_97735,2026-07-18T07:11:06.622Z,21.28,completed
,cus_30249,2026-07-16T21:18:15.825Z,267.29,completed
,cus_34476,2026-07-24T08:07:17.195Z,367.44,failed
,cus_62483,2026-07-16T19:02:16.096Z,384.11,shipped
,cus_31591,2026-07-21T09:04:22.520Z,137.55,failed
,cus_24796,2026-07-22T10:58:28.644Z,820.44,pending
,cus_85423,2026-07-21T00:30:43.251Z,538.53,shipped
,cus_38055,2026-07-18T20:11:21.054Z,959.66,failed
,cus_35248,2026-07-12T06:07:48.244Z,733.75,pending
,cus_49161,2026-07-11T04:32:23.847Z,499.34,failed
,cus_95515,2026-07-16T03:33:48.367Z,227.56,pending
,cus_45943,2026-07-18T22:33:37.151Z,665.39,failed
,cus_24926,2026-07-17T19:59:55.330Z,148.84,completed
,cus_92872,2026-07-23T09:01:47.087Z,538.22,completed
,cus_60036,2026-07-11T01:05:29.031Z,639.06,pending
,cus_34045,2026-07-16T20:56:55.967Z,671.71,failed
,cus_14014,2026-07-18T09:32:58.143Z,162.40,shipped
,cus_46811,2026-07-22T17:00:13.056Z,26.31,failed
,cus_47112,2026-07-14T11:56:03.242Z,260.69,completed
,cus_37602,2026-07-11T02:11:54.409Z,339.00,pending
,cus_55350,2026-07-16T10:22:51.276Z,311.02,completed
,cus_65918,2026-07-21T15:22:52.594Z,588.00,pending
,cus_88027,2026-07-16T20:46:13.977Z,522.48,failed
,cus_74656,2026-07-24T15:07:20.958Z,885.53,pending
,cus_28590,2026-07-21T20:18:19.434Z,900.66,completed
,cus_56394,2026-07-11T10:52:34.528Z,161.66,completed
,cus_10431,2026-07-15T20:41:02.363Z,38.34,failed
,cus_20897,2026-07-14T15:05:23.147Z,551.50,completed
,cus_93791,2026-07-16T06:16:43.821Z,251.38,completed
,cus_41683,2026-07-12T10:21:09.444Z,365.48,pending
,cus_95392,2026-07-14T20:10:13.536Z,923.50,completed
,cus_97946,2026-07-19T04:21:19.224Z,556.36,failed
,cus_42733,2026-07-10T08:44:43.665Z,480.06,shipped
,cus_75303,2026-07-15T01:28:52.796Z,794.35,shipped
,cus_54946,2026-07-24T12:13:54.554Z,907.43,completed
,cus_23378,2026-07-14T20:05:46.313Z,1000.11,completed
,cus_75771,2026-07-22T02:38:06.494Z,74.51,pending
,cus_75577,2026-07-14T02:26:35.696Z,791.65,completed
,cus_36111,2026-07-24T03:33:55.361Z,631.21,failed
,cus_20856,2026-07-21T02:20:52.560Z,368.94,pending
,cus_78439,2026-07-10T03:24:04.478Z,123.97,pending
,cus_86037,2026-07-19T03:13:29.301Z,884.29,pending
,cus_19937,2026-07-17T04:58:48.909Z,927.58,completed
,cus_21512,2026-07-10T10:32:40.002Z,908.53,completed
,cus_59600,2026-07-23T03:37:37.403Z,626.64,completed
,cus_26794,2026-07-20T11:05:12.546Z,25.94,completed
,cus_76362,2026-07-13T08:05:33.682Z,810.71,completed
,cus_41944,2026-07-14T06:32:07.971Z,852.80,completed
,cus_89569,2026-07-09T15:38:47.985Z,850.92,failed
,cus_36455,2026-07-16T23:50:27.612Z,329.36,failed
,cus_24962,2026-07-10T19:43:10.859Z,458.95,failed
,cus_32006,2026-07-14T18:04:13.079Z,353.89,completed
,cus_76490,2026-07-20T02:35:10.511Z,177.13,completed
,cus_79481,2026-07-11T20:02:23.809Z,273.66,completed
,cus_69666,2026-07-13T06:39:01.224Z,267.23,shipped
,cus_19991,2026-07-22T08:04:38.456Z,991.67,pending
,cus_77226,2026-07-13T09:51:56.649Z,387.41,pending
,cus_59955,2026-07-13T01:40:25.533Z,1004.90,failed
,cus_43989,2026-07-18T07:00:59.420Z,465.93,failed
,cus_80082,2026-07-10T06:20:23.041Z,85.43,failed
,cus_48451,2026-07-20T07:52:36.421Z,642.03,failed
,cus_52719,2026-07-14T19:17:59.713Z,623.99,pending
,cus_98175,2026-07-16T11:41:28.822Z,26.09,shipped
,cus_66022,2026-07-22T01:47:30.225Z,852.80,failed
,cus_99960,2026-07-23T17:30:46.105Z,870.20,pending
,cus_92796,2026-07-22T10:24:09.672Z,997.31,shipped
,cus_24702,2026-07-20T09:28:26.405Z,503.44,completed
,cus_44098,2026-07-09T23:08:43.398Z,818.11,shipped
,cus_85016,2026-07-22T13:34:37.751Z,327.02,pending
,cus_23160,2026-07-14T19:44:08.379Z,28.56,failed
,cus_71099,2026-07-12T22:12:48.159Z,775.36,completed
,cus_32091,2026-07-20T00:12:53.651Z,575.51,shipped
,cus_88915,2026-07-17T17:43:01.526Z,670.37,completed
,cus_53838,2026-07-17T15:10:10.868Z,517.07,failed
,cus_33244,2026-07-12T11:33:43.492Z,304.52,pending
,cus_66822,2026-07-15T08:19:24.229Z,540.86,pending
,cus_62696,2026-07-16T16:38:00.462Z,358.27,failed
,cus_29554,2026-07-20T15:32:05.432Z,776.86,completed
,cus_97945,2026-07-14T13:44:22.526Z,967.25,completed
,cus_39097,2026-07-17T22:18:48.624Z,207.16,failed
,cus_61772,2026-07-10T01:24:25.179Z,858.72,completed
,cus_48280,2026-07-14T18:42:17.234Z,991.46,pending
,cus_72759,2026-07-16T03:59:29.396Z,349.32,completed
,cus_12256,2026-07-20T19:42:31.649Z,641.19,pending
,cus_82748,2026-07-14T06:40:01.134Z,872.97,completed
,cus_52898,2026-07-19T18:22:12.965Z,248.55,pending
,cus_76109,2026-07-15T00:44:46.858Z,119.42,shipped
,cus_67840,2026-07-18T00:39:51.390Z,755.99,failed
,cus_28172,2026-07-10T04:31:42.299Z,684.87,shipped
,cus_71641,2026-07-12T12:18:14.331Z,847.18,failed
,cus_39540,2026-07-15T21:46:37.566Z,16.57,pending
,cus_92421,2026-07-20T14:49:06.746Z,655.65,completed
,cus_68189,2026-07-10T14:32:47.985Z,911.26,completed
,cus_10240,2026-07-21T00:41:47.034Z,784.38,failed
,cus_93699,2026-07-23T05:51:36.453Z,124.27,completed
,cus_70063,2026-07-15T17:18:57.814Z,674.78,pending
,cus_23457,2026-07-10T10:49:12.367Z,153.70,pending
,cus_33032,2026-07-11T15:21:19.463Z,268.84,shipped
,cus_38327,2026-07-18T06:51:07.339Z,99.33,failed
,cus_77981,2026-07-14T14:34:47.632Z,772.72,pending
,cus_15357,2026-07-19T06:48:26.694Z,645.82,failed
,cus_40438,2026-07-21T17:58:48.170Z,111.85,failed
,cus_41248,2026-07-13T07:21:25.805Z,572.60,completed
,cus_31856,2026-07-15T20:18:01.507Z,422.66,pending
,cus_20979,2026-07-18T11:22:27.410Z,819.73,shipped
,cus_74008,2026-07-10T05:58:13.943Z,414.05,pending
,cus_87182,2026-07-17T09:04:57.921Z,229.54,completed
,cus_24351,2026-07-17T10:57:30.531Z,892.08,pending
,cus_17734,2026-07-09T16:29:03.950Z,163.43,shipped
,cus_13123,2026-07-13T04:37:43.143Z,750.76,shipped
,cus_90016,2026-07-10T20:28:15.364Z,145.61,shipped
,cus_29433,2026-07-12T17:36:56.898Z,964.85,pending
,cus_59792,2026-07-10T03:52:37.268Z,386.77,shipped
,cus_35881,2026-07-21T23:58:37.065Z,361.61,shipped
,cus_74090,2026-07-16T08:42:17.972Z,888.42,failed
,cus_97561,2026-07-15T18:48:06.003Z,191.56,pending
,cus_80162,2026-07-14T01:29:05.222Z,371.83,pending
,cus_39812,2026-07-16T07:26:05.885Z,611.19,shipped
,cus_59140,2026-07-13T18:28:27.216Z,64.01,completed
,cus_65494,2026-07-16T17:13:55.675Z,499.47,completed
,cus_91092,2026-07-14T17:53:43.237Z,95.76,failed
,cus_50784,2026-07-19T09:27:39.234Z,600.53,completed
,cus_84026,2026-07-19T17:59:44.609Z,492.05,pending
,cus_64053,2026-07-14T21:47:32.168Z,199.43,failed
,cus_60136,2026-07-14T07:18:14.536Z,843.05,shipped
,cus_33679,2026-07-20T16:32:06.416Z,55.42,completed
,cus_45131,2026-07-20T13:11:12.475Z,496.49,failed
,cus_92431,2026-07-23T01:23:27.312Z,451.09,pending
,cus_95290,2026-07-17T04:15:33.145Z,129.19,failed
,cus_84592,2026-07-24T06:44:11.168Z,448.10,pending
,cus_43195,2026-07-10T08:17:25.597Z,295.13,failed
,cus_47493,2026-07-19T06:06:28.783Z,253.53,pending
,cus_86957,2026-07-13T23:08:40.452Z,285.88,pending
,cus_74923,2026-07-13T08:53:56.508Z,265.40,shipped
,cus_34905,2026-07-18T20:27:46.281Z,239.46,shipped
,cus_81767,2026-07-12T01:47:16.778Z,271.37,failed
,cus_51128,2026-07-22T18:29:21.185Z,91.89,completed
,cus_93417,2026-07-22T00:59:23.118Z,940.69,shipped
,cus_97523,2026-07-23T16:29:01.344Z,141.91,shipped
,cus_28013,2026-07-18T03:09:47.759Z,168.83,shipped
,cus_47138,2026-07-16T09:43:39.580Z,305.34,pending
,cus_98452,2026-07-18T12:42:31.624Z,514.86,completed
,cus_57604,2026-07-21T07:15:29.441Z,653.09,shipped
,cus_99380,2026-07-18T02:04:58.652Z,159.21,pending
,cus_67847,2026-07-22T10:33:09.763Z,466.40,pending
,cus_41350,2026-07-14T09:31:57.482Z,314.81,shipped
,cus_67056,2026-07-21T03:32:12.258Z,202.15,failed
,cus_12147,2026-07-17T02:50:14.798Z,963.56,shipped
,cus_82229,2026-07-09T22:21:33.990Z,40.54,failed
,cus_65664,2026-07-21T13:12:16.519Z,294.26,shipped
,cus_36443,2026-07-11T16:25:47.469Z,669.47,shipped
,cus_88804,2026-07-17T02:55:58.166Z,561.01,shipped
,cus_21975,2026-07-10T07:50:47.004Z,1003.81,shipped
,cus_93332,2026-07-13T10:04:24.965Z,37.02,completed
,cus_32891,2026-07-22T10:08:09.063Z,129.61,failed
,cus_91576,2026-07-19T23:23:07.886Z,657.96,failed
,cus_59885,2026-07-14T22:14:33.566Z,745.04,failed
,cus_62798,2026-07-15T19:57:59.677Z,659.46,failed
,cus_10538,2026-07-20T19:33:20.081Z,478.56,pending
,cus_48378,2026-07-10T10:10:50.658Z,100.48,completed
,cus_60806,2026-07-23T14:05:48.069Z,746.41,completed
,cus_83523,2026-07-16T21:44:32.631Z,16.72,shipped
,cus_77988,2026-07-23T10:48:38.762Z,512.49,shipped
,cus_81216,2026-07-15T09:31:06.305Z,975.10,shipped
,cus_28820,2026-07-20T05:50:06.776Z,285.97,completed
,cus_29685,2026-07-23T17:45:06.203Z,276.06,shipped
,cus_95269,2026-07-15T04:51:28.702Z,382.89,pending
,cus_82298,2026-07-11T11:32:11.153Z,752.06,failed
,cus_57854,2026-07-24T03:49:31.658Z,234.46,pending
,cus_43969,2026-07-22T02:50:10.393Z,39.73,completed
,cus_40863,2026-07-15T23:25:20.211Z,234.47,failed
,cus_74103,2026-07-12T08:01:39.303Z,685.95,shipped
,cus_59833,2026-07-10T11:48:55.100Z,730.50,completed
,cus_81156,2026-07-20T04:55:29.435Z,270.81,completed
,cus_55771,2026-07-17T20:04:22.621Z,118.96,pending
,cus_50751,2026-07-09T20:06:22.682Z,770.74,pending
,cus_63466,2026-07-23T19:56:26.878Z,862.79,completed
,cus_89909,2026-07-11T22:29:53.428Z,973.41,shipped
,cus_44653,2026-07-12T12:06:01.753Z,991.47,shipped
,cus_42005,2026-07-15T05:55:51.101Z,202.18,completed
,cus_52370,2026-07-13T15:56:59.049Z,403.52,pending
,cus_70034,2026-07-23T11:09:44.885Z,63.08,pending
,cus_75928,2026-07-14T08:35:22.500Z,40.26,completed
,cus_70569,2026-07-24T05:41:07.850Z,126.31,shipped
,cus_99986,2026-07-13T06:55:13.855Z,55.84,failed
,cus_89231,2026-07-15T22:13:52.019Z,421.90,completed
,cus_73845,2026-07-22T04:08:54.469Z,835.97,failed
,cus_23750,2026-07-14T22:27:33.085Z,252.65,completed
,cus_92931,2026-07-20T04:28:19.052Z,65.13,failed
,cus_39198,2026-07-18T01:41:12.813Z,980.04,shipped
,cus_36448,2026-07-09T22:56:57.947Z,300.26,failed
,cus_55851,2026-07-10T12:06:09.253Z,912.83,pending
,cus_17319,2026-07-17T16:25:34.485Z,945.90,pending
,cus_59877,2026-07-21T08:23:13.541Z,329.16,shipped
,cus_98461,2026-07-17T17:48:35.693Z,936.06,completed
,cus_96864,2026-07-13T19:25:47.973Z,533.38,shipped
,cus_69144,2026-07-11T03:41:09.128Z,835.59,pending
,cus_83581,2026-07-18T09:01:11.498Z,753.40,pending
,cus_32875,2026-07-22T15:43:39.068Z,746.22,shipped
,cus_35327,2026-07-24T09:04:57.682Z,66.06,pending
,cus_68761,2026-07-11T17:57:25.699Z,844.99,completed
,cus_61359,2026-07-10T14:35:55.082Z,41.66,shipped
,cus_30469,2026-07-19T04:17:02.290Z,883.35,completed
,cus_79389,2026-07-22T17:12:24.384Z,84.78,completed
,cus_19979,2026-07-12T22:56:30.898Z,920.47,failed
,cus_89235,2026-07-13T10:19:34.766Z,995.69,pending
,cus_54807,2026-07-20T13:31:55.661Z,557.51,shipped
,cus_19813,2026-07-17T10:25:28.742Z,79.81,completed
,cus_31495,2026-07-20T19:13:52.313Z,75.41,pending
,cus_57908,2026-07-14T14:16:27.990Z,545.15,completed
,cus_81825,2026-07-21T18:30:47.011Z,820.79,failed
,cus_43902,2026-07-10T05:51:02.252Z,492.04,completed
,cus_51130,2026-07-24T05:30:26.894Z,266.22,pending
,cus_22784,2026-07-22T02:56:21.302Z,848.72,shipped
,cus_84994,2026-07-19T14:18:14.341Z,689.05,pending
,cus_73631,2026-07-12T00:27:46.235Z,567.07,shipped
,cus_34514,2026-07-22T01:09:16.403Z,525.60,completed
,cus_29233,2026-07-18T10:30:32.740Z,976.46,completed
,cus_68092,2026-07-13T14:17:43.386Z,491.36,failed
,cus_25089,2026-07-18T21:34:43.611Z,816.09,completed
,cus_31339,2026-07-17T16:04:43.355Z,317.98,failed
,cus_35981,2026-07-17T21:00:33.881Z,965.04,pending
,cus_65432,2026-07-10T19:41:09.907Z,195.92,shipped
,cus_89402,2026-07-14T14:00:34.586Z,299.49,shipped
,cus_80028,2026-07-21T03:09:54.969Z,975.46,completed
,cus_77601,2026-07-12T00:36:12.517Z,195.12,failed
,cus_60383,2026-07-15T16:05:49.282Z,167.96,failed
,cus_67206,2026-07-09T22:32:37.888Z,153.50,failed
,cus_49013,2026-07-24T08:11:09.800Z,881.11,pending
,cus_15186,2026-07-17T09:44:01.752Z,667.73,pending
,cus_27284,2026-07-12T13:33:36.556Z,726.00,shipped
,cus_49980,2026-07-21T14:56:47.568Z,102.42,completed
,cus_26783,2026-07-21T06:45:47.849Z,873.02,failed
,cus_13440,2026-07-23T12:22:19.670Z,1001.90,completed
,cus_48218,2026-07-15T07:18:31.096Z,80.11,shipped
,cus_31041,2026-07-21T07:29:25.514Z,194.28,failed
,cus_62780,2026-07-15T09:32:20.555Z,771.75,failed
,cus_77679,2026-07-12T10:38:52.376Z,50.35,shipped
,cus_90181,2026-07-13T13:19:50.704Z,676.70,shipped
,cus_33329,2026-07-21T19:45:46.553Z,17.24,shipped
,cus_16986,2026-07-10T11:08:02.893Z,383.62,shipped
,cus_12840,2026-07-12T11:18:29.503Z,937.93,pending
,cus_73960,2026-07-16T10:28:32.397Z,439.52,pending
,cus_72716,2026-07-18T19:53:02.242Z,616.46,shipped
,cus_35372,2026-07-10T10:42:47.691Z,41.60,pending
,cus_70086,2026-07-17T17:34:02.433Z,308.80,completed
,cus_52872,2026-07-18T10:31:03.029Z,662.70,pending
,cus_54385,2026-07-18T01:52:49.778Z,377.21,failed
,cus_86433,2026-07-10T16:11:14.904Z,472.08,failed
,cus_96376,2026-07-12T00:25:55.234Z,463.77,shipped
,cus_53555,2026-07-13T17:03:39.662Z,440.38,pending
,cus_57516,2026-07-20T02:13:56.262Z,716.27,completed
,cus_71615,2026-07-23T14:11:47.744Z,350.76,completed
,cus_15481,2026-07-18T00:28:55.084Z,639.82,shipped
,cus_21485,2026-07-17T17:34:50.495Z,424.18,shipped
,cus_13501,2026-07-09T21:45:02.467Z,848.14,pending
,cus_82008,2026-07-23T04:49:33.882Z,721.30,shipped
,cus_10789,2026-07-09T21:36:57.490Z,941.07,pending
,cus_66674,2026-07-11T04:32:06.839Z,917.12,failed
,cus_67684,2026-07-23T18:45:34.014Z,565.61,shipped
,cus_95884,2026-07-15T19:34:51.073Z,503.93,failed
,cus_44824,2026-07-16T03:02:50.823Z,578.47,pending
,cus_43297,2026-07-11T04:22:38.654Z,295.11,pending
,cus_12558,2026-07-19T12:01:14.166Z,739.10,failed
,cus_86020,2026-07-24T04:43:23.974Z,218.28,completed
,cus_33416,2026-07-16T00:05:43.314Z,706.85,shipped
,cus_55640,2026-07-17T18:47:05.851Z,337.83,pending
,cus_97563,2026-07-10T10:42:51.414Z,125.78,failed
,cus_75026,2026-07-10T05:43:27.074Z,894.61,completed
,cus_99011,2026-07-11T17:01:41.335Z,116.44,shipped
,cus_27670,2026-07-12T23:43:31.773Z,564.39,shipped
,cus_78434,2026-07-19T16:20:46.015Z,884.80,failed
,cus_20194,2026-07-10T02:57:39.538Z,802.69,failed
,cus_22189,2026-07-21T03:09:10.113Z,792.09,failed
,cus_36723,2026-07-23T18:31:43.853Z,473.26,shipped
,cus_35934,2026-07-17T05:42:58.450Z,975.11,completed
,cus_28751,2026-07-10T00:00:46.098Z,705.85,failed
,cus_71906,2026-07-24T05:03:18.698Z,786.82,shipped
,cus_75304,2026-07-14T16:36:05.880Z,670.64,failed
,cus_40078,2026-07-16T14:04:45.030Z,390.91,pending
,cus_56545,2026-07-21T06:39:44.671Z,207.68,failed
,cus_14892,2026-07-11T08:29:17.978Z,852.87,shipped
,cus_62734,2026-07-21T12:53:46.740Z,184.87,shipped
,cus_50895,2026-07-09T16:11:18.610Z,618.50,completed
,cus_20534,2026-07-16T20:48:22.600Z,315.74,completed
,cus_46464,2026-07-21T06:27:28.766Z,639.94,failed
,cus_52079,2026-07-23T14:32:11.615Z,853.76,completed
,cus_31137,2026-07-16T05:52:45.905Z,734.36,completed
,cus_64789,2026-07-14T05:12:01.866Z,686.81,shipped
,cus_89766,2026-07-13T21:57:27.647Z,274.71,pending
,cus_55600,2026-07-15T22:50:38.164Z,283.95,shipped
,cus_92622,2026-07-21T16:14:26.676Z,878.06,failed
,cus_55834,2026-07-14T02:12:15.859Z,346.14,failed
,cus_82449,2026-07-14T07:28:25.850Z,324.28,pending
,cus_63350,2026-07-24T13:07:13.655Z,232.70,completed
,cus_19209,2026-07-09T20:22:50.678Z,814.75,shipped
,cus_19133,2026-07-16T08:29:14.765Z,488.97,shipped
,cus_52180,2026-07-10T00:25:10.803Z,662.01,pending
,cus_58548,2026-07-20T17:46:30.885Z,214.31,pending
,cus_11237,2026-07-17T02:58:45.138Z,666.71,completed
,cus_52188,2026-07-14T17:18:53.301Z,575.48,completed
,cus_41994,2026-07-17T03:09:17.500Z,19.59,shipped
,cus_31160,2026-07-18T15:52:23.211Z,581.39,shipped
,cus_75241,2026-07-22T15:56:16.213Z,617.51,completed
,cus_68235,2026-07-18T18:33:31.926Z,170.60,failed
,cus_68784,2026-07-17T22:43:32.970Z,560.36,completed
,cus_66746,2026-07-10T23:20:18.677Z,781.30,failed
,cus_12107,2026-07-16T23:51:27.942Z,540.96,failed
,cus_85687,2026-07-18T20:17:25.784Z,455.36,pending
,cus_57284,2026-07-21T04:27:21.020Z,906.99,completed
,cus_68193,2026-07-22T13:11:49.471Z,649.27,failed
,cus_69295,2026-07-18T23:15:02.985Z,92.86,completed
,cus_26289,2026-07-20T05:24:08.253Z,864.77,completed
,cus_88208,2026-07-23T10:58:09.187Z,210.19,shipped
,cus_55102,2026-07-12T07:43:42.194Z,395.47,pending
,cus_67762,2026-07-15T19:45:57.290Z,354.64,shipped
,cus_88572,2026-07-22T15:52:25.285Z,967.82,completed
,cus_64112,2026-07-23T20:48:58.323Z,281.90,completed
,cus_28147,2026-07-12T05:03:45.397Z,600.64,completed
,cus_64061,2026-07-21T05:40:43.229Z,638.41,completed
,cus_50247,2026-07-23T18:52:15.729Z,411.72,completed
,cus_12813,2026-07-10T12:33:18.112Z,322.29,pending
,cus_38081,2026-07-22T22:17:24.016Z,542.28,pending
,cus_94118,2026-07-19T04:17:04.423Z,550.92,pending
,cus_36901,2026-07-10T20:30:33.337Z,434.58,shipped
,cus_90045,2026-07-15T10:19:02.801Z,306.06,completed
,cus_26198,2026-07-13T11:32:11.083Z,223.29,shipped
,cus_39078,2026-07-24T12:05:30.591Z,573.42,shipped
,cus_63734,2026-07-16T15:38:36.327Z,811.35,failed
,cus_39624,2026-07-23T14:54:52.095Z,386.71,failed
,cus_82812,2026-07-23T22:09:20.793Z,244.75,pending
,cus_64977,2026-07-20T01:49:20.228Z,567.88,completed
,cus_15516,2026-07-10T05:39:21.604Z,638.23,shipped
,cus_13378,2026-07-16T15:57:04.277Z,857.51,pending
,cus_47145,2026-07-16T15:09:55.914Z,965.64,pending
,cus_88379,2026-07-19T15:19:26.768Z,991.10,failed
,cus_86254,2026-07-09T16:30:44.545Z,751.98,shipped
,cus_90170,2026-07-16T11:41:53.463Z,14.38,completed
,cus_92984,2026-07-20T22:18:52.270Z,343.28,pending
,cus_29838,2026-07-17T19:20:19.969Z,623.48,failed
,cus_83315,2026-07-10T03:37:42.056Z,919.34,failed
,cus_32474,2026-07-23T22:26:25.061Z,290.65,pending
,cus_31322,2026-07-16T11:40:03.246Z,401.36,failed
,cus_66255,2026-07-14T16:52:37.776Z,488.48,failed
,cus_50475,2026-07-12T05:35:10.018Z,161.51,failed
,cus_42703,2026-07-19T16:57:20.578Z,883.69,completed
,cus_88117,2026-07-17T17:59:21.766Z,65.83,failed
,cus_25602,2026-07-16T18:19:57.567Z,980.52,completed
,cus_43199,2026-07-23T07:54:04.248Z,829.34,pending
,cus_94342,2026-07-18T19:52:17.009Z,414.74,pending
,cus_48085,2026-07-10T06:32:43.352Z,269.52,shipped
,cus_31080,2026-07-23T06:36:29.082Z,216.50,pending
,cus_94509,2026-07-10T10:08:09.118Z,663.16,failed
,cus_57128,2026-07-12T09:31:22.233Z,127.70,failed
,cus_36632,2026-07-18T23:47:09.018Z,968.05,pending
,cus_63319,2026-07-11T13:16:28.661Z,374.50,pending
,cus_50117,2026-07-11T17:49:34.968Z,628.14,shipped
,cus_35085,2026-07-15T09:49:24.485Z,705.92,shipped
,cus_18486,2026-07-14T09:49:17.429Z,380.70,completed
,cus_33565,2026-07-16T20:36:48.109Z,136.64,pending
,cus_73148,2026-07-18T10:32:13.571Z,689.10,pending
,cus_49255,2026-07-15T23:52:41.300Z,698.43,shipped
,cus_61374,2026-07-12T14:56:44.610Z,25.09,failed
,cus_24439,2026-07-16T05:38:17.419Z,496.53,pending
,cus_75953,2026-07-16T03:22:02.105Z,980.83,failed
,cus_24004,2026-07-11T18:35:32.951Z,771.24,pending
,cus_92579,2026-07-13T14:06:37.036Z,820.38,pending
,cus_39474,2026-07-15T00:29:27.116Z,513.97,pending
,cus_80167,2026-07-18T20:47:03.439Z,917.35,completed
,cus_37107,2026-07-15T13:48:10.862Z,167.15,failed
,cus_30107,2026-07-11T02:19:08.982Z,281.75,failed
,cus_93151,2026-07-14T01:25:23.745Z,666.93,failed
,cus_77665,2026-07-14T03:45:44.327Z,43.95,shipped
,cus_12289,2026-07-16T13:45:38.854Z,676.04,completed
,cus_49114,2026-07-22T17:11:20.220Z,386.56,completed
,cus_76273,2026-07-23T01:38:36.032Z,824.73,completed
,cus_98052,2026-07-09T15:21:18.487Z,251.10,shipped
,cus_65956,2026-07-15T09:13:50.193Z,158.74,failed
,cus_98222,2026-07-19T22:48:04.921Z,139.19,failed
,cus_65608,2026-07-21T07:37:47.119Z,549.73,completed
,cus_11826,2026-07-19T19:11:32.135Z,31.31,shipped
,cus_13554,2026-07-20T09:40:19.713Z,518.56,pending
,cus_57105,2026-07-14T19:55:17.117Z,753.32,pending
,cus_74450,2026-07-10T03:40:17.548Z,644.34,shipped
,cus_85758,2026-07-23T16:00:02.349Z,619.03,completed
,cus_28325,2026-07-15T17:45:26.398Z,958.63,failed
,cus_70888,2026-07-19T07:00:40.674Z,706.94,completed
,cus_32998,2026-07-13T12:33:21.864Z,914.36,shipped
,cus_37254,2026-07-22T09:55:46.839Z,808.82,failed
,cus_16952,2026-07-11T19:49:11.218Z,872.01,shipped
,cus_86044,2026-07-18T00:13:20.207Z,472.35,completed
,cus_90981,2026-07-11T13:32:13.611Z,626.26,shipped
,cus_84672,2026-07-23T16:47:55.499Z,246.02,completed
,cus_28578,2026-07-10T17:15:05.438Z,404.00,pending
,cus_37334,2026-07-15T00:08:04.660Z,530.76,pending
,cus_64960,2026-07-12T01:01:08.496Z,105.59,shipped
,cus_62132,2026-07-11T09:21:39.899Z,311.39,pending
,cus_88532,2026-07-17T19:39:31.882Z,944.39,shipped
,cus_87419,2026-07-18T06:46:03.830Z,538.38,failed
,cus_37618,2026-07-15T05:08:27.791Z,751.09,pending
,cus_87461,2026-07-19T20:10:02.960Z,516.37,pending
,cus_85611,2026-07-19T18:58:00.797Z,391.14,failed
,cus_63566,2026-07-21T00:31:40.011Z,935.54,shipped
,cus_32872,2026-07-21T14:58:08.107Z,487.99,pending
,cus_98711,2026-07-13T15:50:07.120Z,693.49,completed
,cus_36859,2026-07-15T15:51:19.140Z,244.00,pending
,cus_33043,2026-07-19T03:54:34.849Z,345.78,shipped
,cus_79284,2026-07-22T18:24:58.815Z,933.60,shipped
,cus_28139,2026-07-11T04:04:30.629Z,797.59,completed
,cus_30948,2026-07-17T10:48:23.630Z,622.30,shipped
,cus_92634,2026-07-09T21:51:50.204Z,137.37,completed
,cus_43123,2026-07-18T00:28:01.359Z,344.23,completed
,cus_73177,2026-07-13T07:31:58.279Z,925.19,shipped
,cus_93585,2026-07-10T20:54:48.817Z,435.07,pending
,cus_78261,2026-07-15T20:11:13.534Z,401.43,shipped
,cus_81321,2026-07-15T23:36:42.962Z,35.12,pending
,cus_61204,2026-07-16T06:56:00.967Z,1002.19,shipped
,cus_46232,2026-07-23T01:49:37.743Z,48.83,pending
,cus_69453,2026-07-19T02:55:55.849Z,122.53,completed
,cus_82404,2026-07-13T05:50:07.160Z,647.41,pending
,cus_17552,2026-07-24T14:54:12.387Z,910.74,completed
,cus_52513,2026-07-17T12:38:15.214Z,235.75,failed
,cus_18733,2026-07-18T01:22:57.078Z,966.63,pending
,cus_27582,2026-07-18T04:18:08.879Z,81.52,shipped
,cus_46630,2026-07-11T05:30:03.709Z,535.45,pending
,cus_36504,2026-07-11T20:31:02.286Z,183.06,failed
,cus_85789,2026-07-15T07:15:01.440Z,994.17,failed
,cus_85917,2026-07-12T22:29:55.927Z,495.88,pending
,cus_15402,2026-07-21T01:48:20.987Z,777.69,pending
,cus_84942,2026-07-14T14:56:21.939Z,991.17,completed
,cus_16681,2026-07-12T01:55:14.305Z,741.19,shipped
,cus_75474,2026-07-12T06:39:24.160Z,766.34,pending
,cus_79761,2026-07-17T01:48:17.971Z,318.83,failed
,cus_73831,2026-07-15T21:29:13.285Z,826.48,pending
,cus_48607,2026-07-19T07:51:04.465Z,946.04,completed
,cus_44056,2026-07-12T02:19:58.068Z,726.05,failed
,cus_90812,2026-07-12T13:42:14.281Z,338.53,completed
,cus_46246,2026-07-14T02:02:40.042Z,499.47,failed
,cus_50208,2026-07-13T05:09:52.958Z,918.31,shipped
,cus_41519,2026-07-14T22:49:50.080Z,822.44,pending
,cus_64548,2026-07-13T20:31:15.650Z,884.10,pending
,cus_43468,2026-07-22T18:46:45.375Z,576.18,failed
,cus_37131,2026-07-15T02:52:11.290Z,773.77,failed
,cus_32118,2026-07-10T20:00:35.064Z,341.50,completed
,cus_81902,2026-07-13T16:39:52.404Z,347.25,completed
,cus_68066,2026-07-21T23:05:01.076Z,815.42,failed
,cus_92860,2026-07-11T07:01:16.990Z,372.84,shipped
,cus_50170,2026-07-19T13:49:48.497Z,127.51,completed
,cus_24120,2026-07-18T11:16:22.113Z,322.77,completed
,cus_39016,2026-07-14T00:00:38.050Z,186.04,completed
,cus_90102,2026-07-13T14:29:09.452Z,862.41,shipped
,cus_65245,2026-07-17T16:20:50.457Z,628.98,completed
,cus_13876,2026-07-23T00:43:01.020Z,40.08,shipped
,cus_18014,2026-07-10T18:42:00.242Z,367.80,failed
,cus_32205,2026-07-21T02:28:28.162Z,305.96,failed
,cus_94086,2026-07-11T08:04:42.176Z,923.27,failed
,cus_57048,2026-07-12T05:01:56.292Z,404.29,shipped
,cus_86273,2026-07-17T14:15:15.917Z,39.36,completed
,cus_20211,2026-07-14T00:10:37.810Z,556.80,failed
,cus_97709,2026-07-13T04:41:11.810Z,915.90,pending
,cus_56959,2026-07-17T16:42:24.498Z,937.98,failed
,cus_30045,2026-07-15T08:12:46.456Z,826.59,pending
,cus_63548,2026-07-23T06:04:16.493Z,657.44,shipped
,cus_70727,2026-07-19T00:22:08.071Z,546.21,failed
,cus_72478,2026-07-12T16:42:14.080Z,785.20,pending
,cus_64556,2026-07-14T05:41:04.559Z,933.44,failed
,cus_53424,2026-07-21T06:30:34.830Z,127.36,failed
,cus_56636,2026-07-18T08:40:37.617Z,82.45,failed
,cus_48709,2026-07-09T16:56:23.856Z,348.04,pending
,cus_39698,2026-07-19T12:14:18.799Z,755.33,pending
,cus_13335,2026-07-10T02:34:03.539Z,677.07,shipped
,cus_29661,2026-07-13T06:48:52.075Z,84.31,pending
,cus_84293,2026-07-11T10:07:15.283Z,726.57,shipped
,cus_88035,2026-07-22T12:08:46.422Z,216.33,failed
,cus_25301,2026-07-18T20:15:01.066Z,262.20,pending
,cus_49287,2026-07-19T23:29:32.865Z,466.28,shipped
,cus_26213,2026-07-13T01:12:38.993Z,901.21,pending
,cus_92923,2026-07-23T06:36:36.396Z,890.31,pending
,cus_23245,2026-07-12T14:43:40.831Z,973.92,completed
,cus_44684,2026-07-14T07:45:50.083Z,1000.46,failed
,cus_28771,2026-07-21T15:51:05.234Z,508.30,pending
,cus_88034,2026-07-20T02:57:04.637Z,439.85,failed
,cus_79153,2026-07-10T20:03:22.377Z,931.17,pending
,cus_22751,2026-07-19T09:38:41.867Z,668.24,failed
,cus_63947,2026-07-14T20:06:44.573Z,131.46,completed
,cus_93694,2026-07-13T20:48:32.291Z,801.18,shipped
,cus_87992,2026-07-11T06:02:53.620Z,940.55,pending
,cus_25058,2026-07-12T07:07:20.880Z,226.30,pending
,cus_99684,2026-07-13T00:24:19.881Z,293.16,pending
,cus_25134,2026-07-14T00:44:55.032Z,414.73,shipped
,cus_41334,2026-07-11T12:21:29.099Z,314.02,failed
,cus_44214,2026-07-14T06:08:02.118Z,543.04,pending
,cus_48563,2026-07-17T09:13:41.458Z,148.50,failed
,cus_38414,2026-07-13T20:50:37.904Z,708.89,completed
,cus_88684,2026-07-15T16:48:07.550Z,145.95,failed
,cus_44877,2026-07-21T19:19:04.557Z,161.65,failed
,cus_73750,2026-07-21T20:45:28.137Z,597.15,failed
,cus_74733,2026-07-12T00:06:55.792Z,192.82,pending
,cus_80927,2026-07-12T15:39:54.273Z,1008.80,failed
,cus_20696,2026-07-23T11:32:44.741Z,532.35,pending
,cus_58392,2026-07-14T15:17:22.114Z,980.27,shipped
,cus_55483,2026-07-20T18:52:19.553Z,786.50,completed
,cus_41406,2026-07-19T17:30:07.546Z,912.75,failed
,cus_92325,2026-07-12T13:59:32.466Z,103.55,completed
,cus_38715,2026-07-20T22:54:33.342Z,309.57,shipped
,cus_65625,2026-07-15T21:11:15.162Z,417.17,failed
,cus_75690,2026-07-22T08:57:32.072Z,403.31,completed
,cus_90783,2026-07-12T01:33:26.637Z,957.18,failed
,cus_93723,2026-07-21T09:08:24.256Z,766.61,completed
,cus_79733,2026-07-17T20:05:40.840Z,482.22,failed
,cus_94011,2026-07-17T21:53:10.913Z,458.43,failed
,cus_68369,2026-07-14T20:14:35.795Z,478.20,shipped
,cus_80248,2026-07-11T17:43:42.867Z,689.68,shipped
,cus_60797,2026-07-12T09:03:06.835Z,852.27,shipped
,cus_66853,2026-07-15T18:41:14.903Z,231.47,completed
,cus_71902,2026-07-19T18:48:36.320Z,950.81,pending
,cus_85757,2026-07-18T15:13:29.533Z,533.54,completed
,cus_87728,2026-07-20T09:59:19.136Z,173.50,shipped
,cus_96031,2026-07-22T06:07:13.132Z,481.68,failed
,cus_24207,2026-07-16T15:59:05.758Z,348.61,shipped
,cus_96060,2026-07-13T22:20:17.866Z,228.83,failed
,cus_19627,2026-07-16T03:01:13.209Z,892.31,shipped
,cus_80313,2026-07-15T18:03:18.459Z,387.78,shipped
,cus_93593,2026-07-14T15:02:21.223Z,818.19,completed
,cus_58912,2026-07-23T01:44:15.768Z,1007.00,completed
,cus_35662,2026-07-13T06:23:37.327Z,975.40,failed
,cus_97839,2026-07-19T20:31:20.604Z,623.45,shipped
,cus_96109,2026-07-17T11:57:45.554Z,679.57,pending
,cus_89993,2026-07-24T06:22:17.757Z,212.20,pending
,cus_91456,2026-07-20T10:45:28.555Z,15.42,shipped
,cus_37144,2026-07-11T01:59:57.228Z,709.14,failed
,cus_54306,2026-07-14T10:06:31.254Z,855.74,completed
,cus_17399,2026-07-23T13:54:05.839Z,839.19,pending
,cus_26835,2026-07-19T15:36:21.320Z,662.90,shipped
,cus_53598,2026-07-22T07:28:29.871Z,967.44,pending
,cus_68042,2026-07-24T14:49:40.879Z,558.47,completed
,cus_89020,2026-07-19T00:15:31.595Z,328.31,failed
,cus_81087,2026-07-18T17:31:04.612Z,323.10,pending
,cus_15219,2026-07-10T21:58:54.704Z,607.50,completed
,cus_99095,2026-07-12T02:09:18.135Z,858.22,pending
,cus_70627,2026-07-23T02:07:38.686Z,416.27,pending
,cus_97174,2026-07-14T12:53:27.877Z,139.79,pending
,cus_44875,2026-07-10T19:45:46.331Z,458.00,shipped
,cus_80415,2026-07-19T10:26:40.759Z,775.39,completed
,cus_44916,2026-07-12T23:06:17.216Z,681.27,completed
,cus_79511,2026-07-16T06:58:25.126Z,998.81,failed
,cus_32171,2026-07-12T17:05:07.475Z,899.56,pending
,cus_10356,2026-07-11T18:13:40.922Z,692.92,pending
,cus_64957,2026-07-20T02:15:57.099Z,607.16,completed
,cus_18865,2026-07-23T00:04:09.675Z,600.20,completed
,cus_61440,2026-07-23T00:54:53.480Z,426.00,completed
,cus_22590,2026-07-10T02:24:55.679Z,837.93,completed
,cus_43669,2026-07-23T23:38:18.741Z,728.84,failed
,cus_44771,2026-07-11T01:10:17.643Z,421.02,failed
,cus_50474,2026-07-24T07:19:24.896Z,971.34,completed
,cus_58963,2026-07-14T07:05:53.833Z,647.81,failed
,cus_47137,2026-07-10T15:36:03.499Z,769.12,completed
,cus_62113,2026-07-23T06:08:01.028Z,821.63,failed
,cus_16885,2026-07-20T03:39:26.856Z,185.00,failed
,cus_11123,2026-07-23T00:34:25.871Z,130.99,completed
,cus_28838,2026-07-14T08:43:40.689Z,998.19,pending
,cus_27901,2026-07-14T11:55:45.858Z,959.91,pending
,cus_52814,2026-07-20T22:48:00.030Z,331.46,pending
,cus_29202,2026-07-19T10:32:50.342Z,349.28,shipped
,cus_61001,2026-07-17T11:18:20.454Z,655.47,pending
,cus_63108,2026-07-19T17:45:22.974Z,622.18,failed
,cus_28084,2026-07-20T22:24:43.167Z,893.52,failed
,cus_90839,2026-07-17T05:23:12.152Z,452.64,completed
,cus_85241,2026-07-13T14:08:16.962Z,542.97,shipped
,cus_84976,2026-07-20T13:18:47.737Z,424.81,pending
,cus_60665,2026-07-20T14:48:21.831Z,518.30,completed
,cus_47463,2026-07-17T02:42:07.257Z,850.10,completed
,cus_78515,2026-07-21T08:53:26.386Z,677.87,shipped
,cus_65418,2026-07-19T13:45:46.680Z,854.40,pending
,cus_28692,2026-07-22T07:35:44.014Z,854.82,completed
,cus_61715,2026-07-14T14:57:43.358Z,323.39,shipped
,cus_58570,2026-07-16T04:08:06.715Z,640.49,failed
,cus_84879,2026-07-17T22:48:32.438Z,77.90,shipped
,cus_25009,2026-07-22T08:13:18.018Z,680.67,pending
,cus_26080,2026-07-18T04:55:48.957Z,722.44,shipped
,cus_43000,2026-07-17T02:15:54.926Z,13.56,pending
,cus_67708,2026-07-12T15:24:42.951Z,88.96,shipped
,cus_35264,2026-07-17T02:29:29.756Z,58.95,completed
,cus_97092,2026-07-14T16:10:15.470Z,196.70,pending
,cus_57758,2026-07-13T09:46:04.712Z,838.94,pending
,cus_59987,2026-07-10T13:28:21.319Z,410.01,pending
,cus_47948,2026-07-21T23:32:13.399Z,467.87,pending
,cus_84368,2026-07-17T23:14:30.076Z,446.54,completed
,cus_88720,2026-07-10T18:01:20.294Z,440.60,pending
,cus_42656,2026-07-20T10:19:48.305Z,59.94,completed
,cus_18429,2026-07-12T00:27:50.911Z,45.33,failed
,cus_70446,2026-07-12T04:37:51.017Z,636.92,shipped
,cus_96799,2026-07-16T04:52:34.879Z,85.21,failed
,cus_12400,2026-07-12T05:08:09.788Z,138.55,failed
,cus_60406,2026-07-22T06:21:31.219Z,711.37,pending
,cus_68544,2026-07-14T19:13:37.459Z,249.45,shipped
,cus_71430,2026-07-17T11:16:26.422Z,884.84,shipped
,cus_64566,2026-07-15T02:45:17.940Z,211.11,shipped
,cus_14265,2026-07-18T05:17:04.758Z,471.37,pending
,cus_80397,2026-07-23T06:29:26.134Z,783.50,pending
,cus_12417,2026-07-15T04:20:12.476Z,652.68,shipped
,cus_89700,2026-07-22T04:01:36.538Z,331.24,failed
,cus_94582,2026-07-20T22:56:34.635Z,71.63,failed
,cus_91174,2026-07-17T03:26:20.830Z,660.24,shipped
,cus_52246,2026-07-16T15:35:52.825Z,155.70,completed
,cus_62642,2026-07-09T17:09:37.141Z,268.77,completed
,cus_91957,2026-07-14T17:10:31.268Z,896.85,failed
,cus_85016,2026-07-20T03:22:23.746Z,802.51,pending
,cus_63863,2026-07-16T03:58:39.813Z,943.42,shipped
,cus_75013,2026-07-22T21:24:58.285Z,487.31,pending
,cus_58003,2026-07-21T04:59:36.056Z,177.08,completed
,cus_75915,2026-07-19T05:38:15.625Z,46.18,completed
,cus_31098,2026-07-14T13:32:16.537Z,883.02,completed
,cus_48911,2026-07-15T09:04:42.820Z,220.13,failed
,cus_91467,2026-07-17T11:49:00.789Z,687.01,failed
,cus_11174,2026-07-13T20:28:45.343Z,921.06,shipped
,cus_77817,2026-07-17T01:57:18.629Z,986.03,completed
,cus_97491,2026-07-21T03:57:01.051Z,581.10,failed
,cus_48660,2026-07-17T02:09:54.904Z,409.95,failed
,cus_67833,2026-07-20T15:19:34.977Z,201.41,failed
,cus_14723,2026-07-15T09:57:59.592Z,183.65,completed
,cus_62891,2026-07-21T00:12:39.631Z,565.80,pending
,cus_90439,2026-07-20T22:25:01.555Z,392.54,shipped
,cus_98306,2026-07-23T04:40:31.036Z,749.69,failed
,cus_71702,2026-07-24T13:31:28.982Z,851.84,completed
,cus_60962,2026-07-21T08:58:02.211Z,629.41,pending
,cus_63419,2026-07-13T03:52:00.247Z,349.69,shipped
,cus_74511,2026-07-15T01:22:31.179Z,291.75,shipped
,cus_30751,2026-07-21T07:18:15.317Z,294.30,shipped
,cus_56849,2026-07-18T10:13:20.434Z,556.68,shipped
,cus_84201,2026-07-21T21:35:08.070Z,303.82,completed
,cus_95834,2026-07-22T20:07:18.323Z,426.36,shipped
,cus_99060,2026-07-12T05:23:10.129Z,295.33,pending
,cus_97144,2026-07-13T08:11:55.905Z,427.17,failed
,cus_76853,2026-07-21T20:36:48.263Z,889.87,pending
,cus_29350,2026-07-16T01:00:24.178Z,702.75,completed
,cus_10119,2026-07-19T23:55:09.957Z,143.10,completed
,cus_93201,2026-07-20T13:40:08.920Z,997.41,pending
,cus_11512,2026-07-11T22:26:39.487Z,529.18,failed
,cus_40092,2026-07-22T20:16:13.816Z,709.39,pending
,cus_16206,2026-07-13T02:00:50.927Z,787.77,completed
,cus_95498,2026-07-11T06:31:01.269Z,179.87,pending
,cus_84242,2026-07-21T16:11:21.438Z,555.63,shipped
,cus_23859,2026-07-11T03:13:26.220Z,660.12,shipped
,cus_61540,2026-07-23T01:29:20.804Z,190.23,completed
,cus_64943,2026-07-14T09:39:12.755Z,935.97,pending
,cus_55038,2026-07-22T05:35:58.367Z,544.23,pending
,cus_29881,2026-07-24T06:42:14.682Z,274.04,shipped
,cus_17405,2026-07-14T22:03:01.923Z,419.13,completed
,cus_82265,2026-07-17T20:38:41.148Z,847.44,failed
,cus_95822,2026-07-13T13:42:01.800Z,1002.36,failed
,cus_76330,2026-07-14T20:32:35.877Z,513.21,completed
,cus_18645,2026-07-18T22:03:51.344Z,294.71,failed
,cus_69377,2026-07-15T05:58:51.520Z,782.17,failed
,cus_73171,2026-07-12T15:20:47.555Z,488.16,shipped
,cus_70793,2026-07-22T13:04:22.884Z,68.14,completed
,cus_82732,2026-07-11T02:35:12.925Z,854.68,shipped
,cus_67188,2026-07-24T04:05:22.048Z,314.79,shipped
,cus_35988,2026-07-23T01:48:01.193Z,34.27,completed
,cus_11948,2026-07-16T19:40:49.883Z,976.94,shipped
,cus_18670,2026-07-14T15:43:18.509Z,961.62,pending
,cus_25854,2026-07-18T05:11:39.599Z,793.48,completed
,cus_53130,2026-07-16T23:13:02.714Z,741.88,failed
,cus_61217,2026-07-19T00:16:47.021Z,300.25,shipped
,cus_40601,2026-07-10T21:37:29.190Z,803.53,failed
,cus_10540,2026-07-24T12:31:13.561Z,651.86,failed
,cus_54598,2026-07-17T17:40:43.669Z,965.16,pending
,cus_62210,2026-07-17T16:06:36.889Z,301.39,pending
,cus_58380,2026-07-23T07:55:09.986Z,904.81,shipped
,cus_31203,2026-07-12T17:09:54.996Z,278.83,failed
,cus_75054,2026-07-11T00:42:54.465Z,479.98,failed
,cus_96493,2026-07-19T06:03:46.833Z,326.05,shipped
,cus_25663,2026-07-17T09:25:36.853Z,457.52,failed
,cus_98570,2026-07-10T02:02:45.484Z,780.91,failed
,cus_37373,2026-07-20T23:58:58.894Z,725.19,shipped
,cus_99106,2026-07-13T14:04:48.111Z,220.90,shipped
,cus_84211,2026-07-22T11:49:41.150Z,660.40,pending
,cus_99976,2026-07-23T11:08:27.239Z,453.16,completed
,cus_47399,2026-07-16T04:22:45.028Z,333.00,completed
,cus_58496,2026-07-14T23:25:05.873Z,687.65,failed
,cus_91849,2026-07-16T22:50:09.087Z,737.08,completed
,cus_63026,2026-07-16T16:30:17.317Z,678.08,pending
,cus_71646,2026-07-20T12:41:35.412Z,700.14,completed
,cus_86375,2026-07-22T18:06:18.445Z,905.30,shipped
,cus_65326,2026-07-17T23:19:30.865Z,266.07,shipped
,cus_19600,2026-07-18T18:50:10.347Z,710.42,completed
,cus_42074,2026-07-18T05:23:32.602Z,564.68,completed
,cus_45222,2026-07-17T17:26:07.011Z,590.02,pending
,cus_32445,2026-07-15T19:04:41.266Z,839.86,shipped
,cus_37755,2026-07-24T09:03:59.448Z,307.55,pending
,cus_34575,2026-07-17T19:18:09.652Z,175.46,completed
,cus_38297,2026-07-11T04:17:52.776Z,1001.55,pending
,cus_22801,2026-07-10T12:04:29.044Z,941.93,pending
,cus_23835,2026-07-13T08:42:14.435Z,55.29,failed
,cus_85638,2026-07-10T18:29:39.525Z,977.35,shipped
,cus_46810,2026-07-18T19:00:06.320Z,442.30,pending
,cus_15139,2026-07-17T17:45:26.313Z,383.36,shipped
,cus_82531,2026-07-19T05:25:46.750Z,744.45,shipped
,cus_82203,2026-07-15T22:10:11.925Z,975.79,failed
,cus_52043,2026-07-14T23:32:03.916Z,427.14,shipped
,cus_27971,2026-07-10T09:51:58.616Z,68.16,pending
,cus_82179,2026-07-09T20:57:25.799Z,553.52,completed
,cus_30551,2026-07-18T19:40:44.973Z,851.15,failed
,cus_85553,2026-07-12T07:02:43.410Z,856.22,completed
,cus_81592,2026-07-14T20:41:53.020Z,896.26,shipped
,cus_98336,2026-07-13T23:43:19.881Z,938.85,failed
,cus_38069,2026-07-10T11:17:33.567Z,107.35,pending
,cus_11249,2026-07-13T15:45:33.825Z,119.61,shipped
,cus_81583,2026-07-10T16:30:08.576Z,67.06,failed
,cus_20610,2026-07-15T22:04:03.063Z,110.21,completed
,cus_54442,2026-07-13T08:12:36.785Z,316.68,pending
,cus_81877,2026-07-22T15:26:55.541Z,818.17,completed
,cus_18640,2026-07-19T10:48:14.203Z,419.04,completed
,cus_83419,2026-07-21T10:05:18.964Z,137.92,completed
,cus_39184,2026-07-13T11:42:42.626Z,577.69,shipped
,cus_28670,2026-07-14T16:56:59.258Z,475.36,failed
,cus_25248,2026-07-24T09:52:28.609Z,692.42,failed
,cus_46091,2026-07-21T16:37:35.554Z,785.39,failed
,cus_48462,2026-07-20T20:37:28.451Z,61.94,shipped
,cus_82122,2026-07-11T22:01:31.709Z,281.90,failed
,cus_73894,2026-07-20T04:35:48.543Z,388.82,completed
,cus_44317,2026-07-14T03:53:43.249Z,403.32,pending
,cus_36952,2026-07-23T06:25:21.334Z,594.50,failed
,cus_16390,2026-07-17T17:37:09.167Z,737.49,pending
,cus_51047,2026-07-18T21:20:10.634Z,195.74,completed
,cus_50215,2026-07-18T00:38:46.519Z,970.46,completed
,cus_60907,2026-07-15T02:44:22.414Z,767.79,shipped
,cus_44725,2026-07-18T03:45:33.779Z,904.45,pending
,cus_99902,2026-07-15T01:55:14.965Z,489.92,pending
,cus_23930,2026-07-19T07:40:38.783Z,594.81,shipped
,cus_30070,2026-07-16T22:41:56.339Z,719.17,failed
,cus_11179,2026-07-09T16:19:24.031Z,241.75,failed
,cus_43970,2026-07-18T23:50:38.389Z,451.47,failed
,cus_67224,2026-07-14T10:58:51.535Z,672.71,failed
,cus_35442,2026-07-23T03:13:17.245Z,401.72,pending
,cus_55911,2026-07-18T00:42:44.819Z,646.90,pending
,cus_85485,2026-07-13T03:50:17.472Z,771.40,pending
,cus_50486,2026-07-16T02:26:15.247Z,148.92,completed
,cus_53911,2026-07-24T06:24:56.929Z,117.78,failed
,cus_37466,2026-07-16T00:36:57.946Z,478.21,shipped
,cus_45263,2026-07-15T09:57:48.134Z,634.87,shipped
,cus_18234,2026-07-14T08:06:23.344Z,598.71,shipped
,cus_80711,2026-07-21T04:53:02.200Z,748.96,pending
,cus_41064,2026-07-10T17:09:47.626Z,361.36,shipped
,cus_82109,2026-07-12T07:03:35.750Z,678.52,shipped
,cus_61214,2026-07-22T03:49:55.864Z,912.23,failed
,cus_32615,2026-07-23T14:36:43.993Z,879.80,pending
,cus_68006,2026-07-15T12:09:50.467Z,542.90,completed
,cus_81588,2026-07-14T10:00:33.177Z,795.06,failed
,cus_29627,2026-07-22T00:58:18.406Z,377.39,failed
,cus_62781,2026-07-23T02:10:09.922Z,151.58,failed
,cus_81497,2026-07-23T20:15:48.307Z,674.04,completed
,cus_84391,2026-07-23T06:31:31.379Z,143.18,shipped
,cus_19811,2026-07-22T15:55:56.513Z,754.30,shipped
,cus_81366,2026-07-17T17:09:07.285Z,607.80,pending
,cus_72927,2026-07-16T14:39:19.931Z,643.74,shipped
,cus_88545,2026-07-18T07:04:47.328Z,101.19,shipped
,cus_38719,2026-07-20T02:33:12.007Z,711.22,completed
,cus_43387,2026-07-12T07:19:23.910Z,376.35,pending
,cus_32576,2026-07-21T01:13:59.305Z,59.53,pending
,cus_17204,2026-07-20T00:36:35.504Z,128.41,shipped
,cus_36579,2026-07-17T06:25:21.845Z,362.49,completed
,cus_73541,2026-07-17T14:53:43.077Z,444.73,pending
,cus_18605,2026-07-15T05:48:32.910Z,847.25,shipped
,cus_61484,2026-07-22T11:41:07.277Z,581.98,failed
,cus_92338,2026-07-19T15:19:25.216Z,759.09,failed
,cus_82541,2026-07-23T03:02:18.541Z,308.96,pending
,cus_64206,2026-07-18T06:40:42.767Z,599.33,failed
,cus_57724,2026-07-11T00:19:50.525Z,632.63,shipped
,cus_68637,2026-07-12T22:51:46.201Z,630.80,failed
,cus_28750,2026-07-13T06:49:06.544Z,150.56,completed
,cus_93193,2026-07-15T13:09:08.965Z,990.59,completed
,cus_24279,2026-07-19T17:00:14.423Z,629.33,completed
,cus_91071,2026-07-10T23:18:59.896Z,910.78,completed
,cus_40603,2026-07-15T14:48:12.328Z,822.37,shipped
,cus_86186,2026-07-20T19:26:58.106Z,728.41,completed
,cus_70805,2026-07-23T07:48:36.081Z,836.05,pending
,cus_34383,2026-07-24T14:29:19.719Z,385.31,completed
,cus_77205,2026-07-10T04:36:45.760Z,540.08,failed
,cus_38290,2026-07-13T13:05:47.196Z,885.03,pending
,cus_27429,2026-07-23T10:39:26.252Z,783.41,pending
,cus_27164,2026-07-23T16:00:42.312Z,384.10,pending
,cus_61002,2026-07-22T13:01:43.665Z,395.49,shipped
,cus_78353,2026-07-19T09:19:19.773Z,313.08,failed
,cus_97783,2026-07-24T08:36:12.480Z,698.76,pending
,cus_88505,2026-07-11T06:09:22.374Z,320.11,completed
,cus_55453,2026-07-12T06:06:58.795Z,363.19,pending
,cus_49277,2026-07-15T23:52:40.495Z,631.75,completed
,cus_44998,2026-07-19T19:21:23.883Z,942.49,shipped
,cus_33327,2026-07-16T22:11:29.635Z,1003.23,completed
,cus_68116,2026-07-23T13:44:55.891Z,316.99,completed
,cus_65298,2026-07-22T20:17:53.356Z,677.45,completed
,cus_48501,2026-07-15T01:42:22.840Z,364.55,completed
,cus_59210,2026-07-15T22:04:41.071Z,493.76,shipped
,cus_19477,2026-07-19T08:27:08.882Z,648.20,failed
,cus_98401,2026-07-12T08:30:49.329Z,624.61,pending
,cus_22420,2026-07-15T19:49:51.743Z,734.02,completed
,cus_32513,2026-07-19T19:47:47.928Z,442.20,completed
,cus_53482,2026-07-11T22:43:38.672Z,559.10,pending
,cus_33620,2026-07-23T06:25:11.585Z,778.08,pending
,cus_17489,2026-07-15T13:50:36.106Z,958.99,shipped
,cus_78627,2026-07-13T11:33:44.877Z,233.13,completed
,cus_27167,2026-07-20T09:12:07.259Z,214.98,completed
,cus_69395,2026-07-13T08:23:31.651Z,533.87,completed
,cus_49144,2026-07-13T22:21:37.711Z,170.16,pending
,cus_18115,2026-07-20T20:09:28.379Z,453.32,completed
,cus_16128,2026-07-12T10:11:06.855Z,938.07,completed
,cus_75597,2026-07-17T11:29:28.983Z,646.97,completed
,cus_88569,2026-07-14T09:03:26.337Z,664.24,pending
,cus_49174,2026-07-18T01:51:18.916Z,577.14,failed
,cus_92573,2026-07-22T05:40:19.848Z,147.99,completed
,cus_36556,2026-07-23T23:16:32.019Z,868.53,shipped
,cus_81437,2026-07-17T12:52:08.661Z,625.37,shipped
,cus_67232,2026-07-14T17:01:20.107Z,369.75,shipped
,cus_56303,2026-07-15T18:25:42.836Z,221.84,completed
,cus_96279,2026-07-15T16:36:47.473Z,658.80,completed
,cus_97207,2026-07-12T13:58:57.353Z,928.31,completed
,cus_84844,2026-07-16T10:08:06.633Z,19.24,shipped
,cus_44765,2026-07-18T15:09:59.551Z,64.15,completed
,cus_70562,2026-07-19T20:22:25.400Z,1009.32,completed
,cus_94419,2026-07-17T20:53:48.500Z,300.36,completed
,cus_95467,2026-07-18T18:09:20.977Z,368.82,failed
,cus_62829,2026-07-09T20:00:51.167Z,395.85,pending
,cus_18961,2026-07-18T08:05:28.802Z,460.83,completed
,cus_99594,2026-07-11T07:02:25.501Z,684.78,failed
,cus_66412,2026-07-21T05:42:37.928Z,846.25,shipped
,cus_23703,2026-07-23T22:52:47.802Z,20.02,pending
,cus_30221,2026-07-21T14:57:28.069Z,63.89,failed
,cus_84312,2026-07-14T06:23:01.657Z,26.56,pending
,cus_82169,2026-07-10T15:20:08.218Z,951.35,failed
,cus_53433,2026-07-13T18:15:40.064Z,692.42,completed
,cus_10968,2026-07-11T03:16:49.281Z,700.39,pending
,cus_51034,2026-07-17T11:48:02.659Z,736.39,pending
,cus_77050,2026-07-21T14:41:18.232Z,340.49,completed
,cus_50577,2026-07-22T15:17:19.173Z,610.66,failed
,cus_19406,2026-07-12T02:51:01.807Z,308.82,shipped
,cus_97574,2026-07-15T08:05:18.639Z,324.73,shipped
,cus_35037,2026-07-20T03:31:35.819Z,980.01,shipped
,cus_71076,2026-07-10T06:00:20.775Z,836.57,shipped
,cus_22896,2026-07-13T22:33:16.421Z,251.74,shipped
,cus_37112,2026-07-24T13:38:24.162Z,496.74,shipped
,cus_99897,2026-07-19T20:41:44.111Z,413.59,completed
,cus_18702,2026-07-17T13:12:44.934Z,12.78,shipped
,cus_16676,2026-07-14T19:45:14.408Z,887.86,shipped
,cus_26639,2026-07-13T08:18:09.810Z,796.22,completed
,cus_96261,2026-07-24T12:37:33.869Z,757.63,failed
,cus_43498,2026-07-22T01:25:21.828Z,622.42,completed
,cus_37451,2026-07-19T15:51:49.204Z,750.45,failed
,cus_78928,2026-07-10T18:09:59.944Z,715.89,shipped
,cus_68814,2026-07-20T10:03:29.795Z,927.69,shipped
,cus_89175,2026-07-20T00:01:42.064Z,259.71,failed
,cus_29048,2026-07-21T14:57:05.048Z,314.09,failed
,cus_55577,2026-07-16T20:29:22.252Z,375.91,shipped
,cus_98202,2026-07-11T01:47:28.762Z,452.09,failed
,cus_73444,2026-07-12T15:19:50.850Z,226.46,completed
,cus_89057,2026-07-16T11:24:07.153Z,311.32,shipped
,cus_63393,2026-07-11T05:38:32.105Z,482.16,pending
,cus_38456,2026-07-09T19:52:29.651Z,479.69,failed
,cus_20846,2026-07-10T10:13:09.316Z,350.66,pending
,cus_75491,2026-07-20T14:20:24.943Z,518.87,completed
,cus_26477,2026-07-14T21:41:01.724Z,727.80,completed
,cus_39176,2026-07-17T17:40:41.740Z,73.49,pending
,cus_24352,2026-07-13T11:35:01.313Z,395.82,shipped
,cus_54544,2026-07-17T14:16:34.796Z,199.24,shipped
,cus_40942,2026-07-10T13:16:42.043Z,772.71,failed
,cus_38169,2026-07-11T10:01:09.776Z,260.65,completed
,cus_30442,2026-07-14T19:16:55.414Z,181.99,pending
,cus_74103,2026-07-17T13:52:19.009Z,813.80,shipped
,cus_11522,2026-07-13T04:11:13.560Z,556.61,failed
,cus_82098,2026-07-17T11:49:50.373Z,103.94,completed
,cus_68942,2026-07-21T13:14:49.378Z,993.37,completed
,cus_35139,2026-07-22T23:49:43.085Z,573.85,shipped
,cus_30511,2026-07-21T05:24:24.469Z,114.87,shipped
,cus_43297,2026-07-11T08:37:13.822Z,495.49,completed
,cus_75145,2026-07-23T16:17:46.266Z,737.06,shipped
,cus_83471,2026-07-12T08:59:25.403Z,585.01,completed
,cus_66177,2026-07-21T16:56:25.272Z,833.05,completed
,cus_54270,2026-07-10T15:03:47.787Z,263.42,completed
,cus_65131,2026-07-10T21:04:00.900Z,819.81,shipped
,cus_77981,2026-07-20T01:24:20.726Z,887.16,pending
,cus_66964,2026-07-12T04:20:31.679Z,171.28,failed
,cus_93061,2026-07-16T08:31:07.954Z,165.76,completed
,cus_41418,2026-07-21T17:32:03.029Z,731.33,pending
,cus_81819,2026-07-24T13:05:47.518Z,618.16,failed
,cus_28184,2026-07-15T17:20:52.748Z,266.36,failed
,cus_54031,2026-07-09T15:43:51.870Z,869.11,failed
,cus_61624,2026-07-11T21:09:04.805Z,305.36,shipped
,cus_74411,2026-07-13T11:49:10.278Z,223.01,shipped
,cus_61119,2026-07-13T03:37:12.592Z,865.32,pending
,cus_47928,2026-07-18T06:53:32.630Z,508.65,failed
,cus_58486,2026-07-11T16:34:33.001Z,228.02,shipped
,cus_90414,2026-07-22T22:49:39.366Z,263.85,completed
,cus_66977,2026-07-12T22:22:56.651Z,258.77,shipped
,cus_84277,2026-07-17T07:59:00.015Z,820.90,shipped
,cus_34915,2026-07-14T00:37:39.319Z,470.48,failed
,cus_13786,2026-07-10T11:03:46.678Z,254.70,completed
,cus_12167,2026-07-14T06:53:56.870Z,153.36,failed
,cus_99834,2026-07-19T14:21:11.741Z,16.59,completed
,cus_26129,2026-07-16T13:17:08.219Z,507.65,pending
,cus_49220,2026-07-18T01:54:37.643Z,649.55,completed
,cus_67359,2026-07-24T08:58:17.391Z,97.14,failed
,cus_56426,2026-07-11T14:48:15.428Z,685.99,completed
,cus_96124,2026-07-10T23:58:10.539Z,173.46,shipped
,cus_10471,2026-07-18T14:07:21.646Z,601.25,failed
,cus_95470,2026-07-16T08:44:59.765Z,495.10,shipped
,cus_33655,2026-07-14T22:38:22.571Z,545.64,completed
,cus_58433,2026-07-18T13:02:31.740Z,36.69,pending
,cus_42518,2026-07-18T15:38:58.307Z,631.71,pending
,cus_46502,2026-07-18T16:07:43.573Z,365.73,pending
,cus_29241,2026-07-18T04:28:21.619Z,21.75,shipped
,cus_79347,2026-07-17T17:53:24.759Z,949.73,completed
,cus_21167,2026-07-19T08:09:23.078Z,961.66,failed
,cus_88279,2026-07-22T02:49:30.047Z,312.75,failed
,cus_77056,2026-07-13T23:04:02.591Z,486.74,shipped
,cus_65996,2026-07-16T14:34:27.229Z,135.12,failed
,cus_74067,2026-07-21T19:18:19.993Z,275.54,shipped
,cus_92271,2026-07-24T02:06:22.564Z,265.38,failed
,cus_53951,2026-07-11T17:40:04.706Z,598.56,pending
,cus_19480,2026-07-17T20:44:48.606Z,929.09,failed
,cus_19455,2026-07-19T09:05:28.515Z,54.30,completed
,cus_13915,2026-07-20T18:36:30.445Z,458.94,completed
,cus_74718,2026-07-13T05:19:55.440Z,806.82,shipped
,cus_83204,2026-07-15T13:04:31.443Z,503.59,completed
,cus_73095,2026-07-16T21:52:14.170Z,353.23,completed
,cus_53155,2026-07-12T21:47:45.432Z,318.24,pending
,cus_20272,2026-07-14T05:46:41.894Z,343.61,pending
,cus_80878,2026-07-24T07:25:10.384Z,558.05,pending
,cus_19506,2026-07-10T19:46:17.910Z,805.00,completed
,cus_30530,2026-07-11T04:13:38.051Z,204.97,pending
,cus_21201,2026-07-12T02:09:46.940Z,383.23,shipped
,cus_97988,2026-07-16T14:06:03.948Z,755.84,completed
,cus_96947,2026-07-17T11:02:24.832Z,862.96,shipped
,cus_49200,2026-07-22T07:57:05.355Z,391.38,shipped
,cus_89208,2026-07-10T00:10:09.526Z,188.33,shipped
,cus_84022,2026-07-13T23:25:57.500Z,838.46,shipped
,cus_12677,2026-07-11T17:23:15.526Z,125.71,completed
,cus_38761,2026-07-13T07:26:33.938Z,765.69,completed
,cus_21105,2026-07-24T04:17:49.554Z,530.24,shipped
,cus_27871,2026-07-23T17:58:49.868Z,278.42,completed
,cus_70196,2026-07-18T13:12:31.649Z,897.82,completed
,cus_98961,2026-07-16T12:05:13.694Z,96.77,completed
,cus_40760,2026-07-10T01:54:55.669Z,144.10,completed
,cus_27598,2026-07-15T01:39:29.526Z,860.18,completed
,cus_76575,2026-07-23T12:04:40.635Z,62.68,shipped
,cus_74922,2026-07-17T08:03:28.100Z,726.54,shipped
,cus_64545,2026-07-21T19:17:37.061Z,242.02,failed
,cus_47330,2026-07-18T20:02:11.727Z,530.78,shipped
,cus_24196,2026-07-17T00:00:28.205Z,347.48,shipped
,cus_42967,2026-07-10T02:00:40.555Z,405.91,shipped
,cus_74577,2026-07-09T21:08:12.170Z,335.65,completed
,cus_11161,2026-07-23T11:22:26.994Z,768.94,pending
,cus_44982,2026-07-19T23:51:13.246Z,978.88,shipped
,cus_82538,2026-07-19T12:35:53.311Z,869.58,shipped
,cus_31011,2026-07-17T03:13:23.368Z,429.68,completed
,cus_55792,2026-07-16T10:30:23.972Z,88.16,pending
,cus_99000,2026-07-22T17:01:23.486Z,881.74,failed
,cus_66396,2026-07-21T23:14:19.675Z,177.52,pending
,cus_99526,2026-07-12T02:56:54.863Z,622.49,pending
,cus_54713,2026-07-10T18:10:08.559Z,547.91,pending
,cus_90375,2026-07-22T04:47:14.144Z,770.80,shipped
,cus_50004,2026-07-14T16:37:34.214Z,457.29,failed
,cus_41925,2026-07-13T23:14:49.030Z,401.13,completed
,cus_62244,2026-07-09T23:32:46.329Z,110.86,shipped
,cus_29438,2026-07-20T07:48:56.245Z,349.31,pending
,cus_75239,2026-07-14T05:07:48.486Z,848.46,completed
,cus_99401,2026-07-23T13:31:12.854Z,64.31,pending
,cus_18437,2026-07-19T22:47:36.023Z,706.54,completed
,cus_27375,2026-07-17T13:42:33.506Z,274.54,failed
,cus_98568,2026-07-18T08:46:25.589Z,749.21,pending
,cus_52143,2026-07-15T21:45:53.020Z,774.81,pending
,cus_42169,2026-07-23T22:32:52.122Z,109.95,shipped
,cus_87402,2026-07-19T15:43:40.667Z,711.59,pending
,cus_42420,2026-07-12T22:08:10.403Z,725.31,pending
,cus_57341,2026-07-12T15:15:36.815Z,997.91,failed
,cus_49296,2026-07-20T04:48:01.403Z,814.64,pending
,cus_58862,2026-07-24T13:08:44.197Z,627.69,shipped
,cus_23422,2026-07-14T00:31:17.699Z,324.04,shipped
,cus_10724,2026-07-23T22:28:54.724Z,391.94,shipped
,cus_72393,2026-07-18T04:25:15.287Z,957.23,pending
,cus_21219,2026-07-18T23:03:08.027Z,879.63,pending
,cus_46281,2026-07-23T03:17:08.658Z,889.74,pending
,cus_99440,2026-07-20T09:37:58.018Z,564.66,shipped
,cus_14911,2026-07-18T05:04:24.181Z,739.85,pending
,cus_28037,2026-07-18T21:33:50.139Z,624.96,pending
,cus_99129,2026-07-19T18:16:16.442Z,576.68,completed
,cus_32766,2026-07-16T09:36:07.272Z,193.89,completed
,cus_76455,2026-07-12T04:09:40.593Z,598.03,shipped
,cus_43118,2026-07-23T18:02:39.030Z,277.81,failed
,cus_27780,2026-07-21T16:51:32.328Z,554.46,completed
,cus_99107,2026-07-15T05:36:20.188Z,731.54,completed
,cus_49752,2026-07-16T05:50:34.400Z,932.89,pending
,cus_97162,2026-07-10T22:14:18.009Z,775.37,failed
,cus_36563,2026-07-23T19:12:01.403Z,767.89,shipped
,cus_80392,2026-07-18T19:54:01.092Z,774.48,completed
,cus_48311,2026-07-23T06:58:52.353Z,633.99,shipped
,cus_48333,2026-07-10T19:38:56.545Z,131.93,shipped
,cus_57604,2026-07-16T12:37:52.624Z,675.50,shipped
,cus_30232,2026-07-20T04:08:14.168Z,403.15,failed
,cus_92693,2026-07-23T10:15:09.067Z,59.23,pending
,cus_55643,2026-07-20T14:11:18.193Z,304.95,shipped
,cus_90723,2026-07-11T20:34:52.320Z,849.05,pending
,cus_10135,2026-07-15T17:10:55.517Z,183.51,shipped
,cus_93695,2026-07-22T06:24:17.283Z,543.54,pending
,cus_99615,2026-07-10T22:52:20.531Z,877.00,completed
,cus_40865,2026-07-23T22:08:37.371Z,610.93,completed
,cus_97867,2026-07-16T20:40:11.329Z,91.18,pending
,cus_81495,2026-07-23T05:17:54.693Z,449.22,shipped
,cus_83058,2026-07-16T12:27:25.851Z,607.03,failed
,cus_79045,2026-07-14T14:06:21.081Z,507.62,failed
,cus_32274,2026-07-10T00:45:42.439Z,689.21,shipped
,cus_73138,2026-07-13T05:57:31.037Z,361.37,pending
,cus_37921,2026-07-17T10:39:18.620Z,541.50,shipped
,cus_17689,2026-07-17T15:53:41.788Z,503.30,shipped
,cus_51587,2026-07-14T05:04:48.527Z,44.39,shipped
,cus_44096,2026-07-09T21:13:27.837Z,963.77,failed
,cus_50651,2026-07-19T00:21:57.210Z,900.35,shipped
,cus_47857,2026-07-15T08:03:44.011Z,507.71,failed
,cus_11311,2026-07-23T04:21:46.876Z,995.09,pending
,cus_86499,2026-07-22T00:18:51.394Z,498.71,failed
,cus_30833,2026-07-22T09:17:10.953Z,489.80,pending
,cus_58207,2026-07-16T14:12:02.266Z,629.92,failed
,cus_24183,2026-07-20T08:00:11.671Z,805.35,pending
,cus_19232,2026-07-13T17:13:56.427Z,327.98,shipped
,cus_93209,2026-07-16T11:31:23.750Z,318.85,completed
,cus_71565,2026-07-19T07:29:39.278Z,406.45,failed
,cus_42315,2026-07-11T02:13:49.988Z,664.78,completed
,cus_38990,2026-07-17T18:19:25.182Z,14.22,shipped
,cus_53335,2026-07-19T15:58:30.908Z,68.04,shipped
,cus_64918,2026-07-14T01:53:43.624Z,911.30,failed
,cus_29810,2026-07-20T23:57:51.266Z,749.02,completed
,cus_56003,2026-07-13T02:29:22.011Z,544.50,pending
,cus_98000,2026-07-17T20:10:44.992Z,357.01,completed
,cus_73441,2026-07-11T22:03:05.264Z,155.30,failed
,cus_58010,2026-07-10T00:13:06.117Z,187.52,completed
,cus_12851,2026-07-11T12:55:14.776Z,239.91,failed
,cus_20195,2026-07-16T08:35:59.454Z,373.11,shipped
,cus_42817,2026-07-13T18:22:32.913Z,60.98,completed
,cus_14339,2026-07-17T02:23:14.257Z,967.01,shipped
,cus_88701,2026-07-21T07:40:52.827Z,356.04,completed
,cus_33312,2026-07-15T18:30:58.154Z,903.17,shipped
,cus_54799,2026-07-22T01:04:41.732Z,267.31,pending
,cus_82367,2026-07-11T14:38:44.505Z,759.54,pending
,cus_98516,2026-07-23T16:52:40.464Z,984.25,shipped
,cus_43038,2026-07-12T12:28:17.708Z,80.08,failed
,cus_34788,2026-07-15T23:22:34.498Z,704.20,failed
,cus_95204,2026-07-09T20:32:40.450Z,627.00,completed
,cus_41199,2026-07-23T20:21:15.061Z,980.32,shipped
,cus_31109,2026-07-15T10:58:19.200Z,812.56,completed
,cus_46724,2026-07-11T16:57:12.592Z,248.36,pending
,cus_95826,2026-07-22T19:47:14.711Z,93.15,pending
,cus_61610,2026-07-19T08:56:58.109Z,415.79,pending
,cus_86502,2026-07-14T03:30:40.321Z,989.31,shipped
,cus_22228,2026-07-21T07:00:07.998Z,172.87,completed
,cus_81994,2026-07-19T09:16:34.576Z,610.82,pending
,cus_43618,2026-07-13T20:56:10.972Z,425.34,shipped
,cus_50185,2026-07-12T04:33:29.047Z,179.82,completed
,cus_73776,2026-07-16T01:19:01.598Z,281.52,completed
,cus_32336,2026-07-23T04:22:34.227Z,38.84,failed
,cus_21648,2026-07-20T06:32:40.977Z,49.38,completed
,cus_83426,2026-07-23T05:11:37.659Z,245.79,failed
,cus_31267,2026-07-20T03:48:14.626Z,619.05,pending
,cus_83694,2026-07-10T12:23:54.283Z,960.68,completed
,cus_77055,2026-07-09T21:31:00.411Z,280.00,failed
,cus_54435,2026-07-22T16:16:07.760Z,798.73,completed
,cus_23795,2026-07-15T09:46:56.237Z,747.71,failed
,cus_60292,2026-07-24T03:50:53.516Z,641.08,pending
,cus_70429,2026-07-15T12:25:17.439Z,688.07,failed
,cus_70037,2026-07-17T01:32:59.436Z,967.87,completed
,cus_49283,2026-07-12T18:42:16.665Z,760.43,failed
,cus_42963,2026-07-21T06:31:41.755Z,56.19,pending
,cus_71242,2026-07-22T05:01:33.705Z,245.87,failed
,cus_32848,2026-07-23T10:26:19.195Z,347.45,failed
,cus_41543,2026-07-15T15:05:23.632Z,98.29,failed
,cus_66262,2026-07-23T21:07:55.959Z,944.75,failed
,cus_78653,2026-07-21T17:32:16.165Z,952.63,failed
,cus_82557,2026-07-23T12:17:12.998Z,11.96,failed
,cus_85556,2026-07-24T10:33:30.360Z,373.87,failed
,cus_16039,2026-07-17T12:19:23.867Z,166.68,shipped
,cus_52462,2026-07-17T06:06:19.227Z,294.81,completed
,cus_28668,2026-07-13T16:08:48.363Z,649.67,completed
,cus_32913,2026-07-22T08:11:54.369Z,700.05,pending
,cus_85218,2026-07-12T22:17:03.616Z,384.37,completed
,cus_40591,2026-07-14T03:16:15.036Z,274.61,failed
,cus_20043,2026-07-23T15:53:47.447Z,194.21,failed
,cus_27956,2026-07-12T02:42:26.761Z,749.31,shipped
,cus_36040,2026-07-23T15:56:39.270Z,854.39,shipped
,cus_26826,2026-07-17T09:30:17.443Z,652.28,completed
,cus_18665,2026-07-22T03:28:52.315Z,397.09,completed
,cus_71554,2026-07-20T18:15:43.890Z,772.88,completed
,cus_25568,2026-07-14T18:48:04.918Z,594.08,failed
,cus_91029,2026-07-18T11:46:04.269Z,230.87,shipped
,cus_86762,2026-07-11T21:41:45.869Z,39.94,completed
,cus_47841,2026-07-12T21:55:34.476Z,319.73,pending
,cus_46164,2026-07-09T23:07:04.881Z,474.13,shipped
,cus_27066,2026-07-23T22:31:04.332Z,865.66,pending
,cus_47464,2026-07-14T16:04:12.689Z,608.09,failed
,cus_57369,2026-07-10T17:08:33.955Z,150.84,pending
,cus_15397,2026-07-18T15:32:55.765Z,725.08,failed
,cus_65968,2026-07-13T13:01:58.810Z,977.72,failed
,cus_63046,2026-07-11T00:35:48.839Z,863.63,pending
,cus_40796,2026-07-22T04:13:13.649Z,19.21,failed
,cus_56033,2026-07-12T13:44:27.094Z,370.79,failed
,cus_51424,2026-07-22T19:53:24.055Z,854.21,pending
,cus_82722,2026-07-15T23:43:12.050Z,844.12,completed
,cus_12895,2026-07-10T00:50:25.379Z,385.33,failed
,cus_93389,2026-07-19T04:18:20.229Z,949.67,shipped
,cus_37553,2026-07-20T07:19:23.371Z,671.29,completed
,cus_81011,2026-07-12T15:18:30.629Z,472.28,failed
,cus_18821,2026-07-17T17:53:01.361Z,917.45,completed
,cus_89740,2026-07-16T21:41:58.905Z,33.06,shipped
,cus_17432,2026-07-13T23:35:41.042Z,139.02,completed
,cus_63042,2026-07-19T05:04:47.859Z,881.41,failed
,cus_47608,2026-07-21T00:02:28.384Z,356.53,completed
,cus_77145,2026-07-13T05:54:26.779Z,967.72,pending
,cus_42721,2026-07-17T23:38:38.093Z,973.52,pending
,cus_41633,2026-07-16T05:43:33.595Z,383.48,completed
,cus_69750,2026-07-19T20:08:45.267Z,490.71,shipped
,cus_46211,2026-07-11T22:24:24.813Z,197.75,pending
,cus_53689,2026-07-19T15:39:38.552Z,308.42,pending
,cus_18300,2026-07-18T02:29:25.322Z,750.61,pending
,cus_63128,2026-07-10T09:25:38.602Z,669.30,shipped
,cus_21706,2026-07-15T18:07:52.736Z,506.41,failed
,cus_27800,2026-07-16T15:42:46.733Z,282.84,failed
,cus_92999,2026-07-24T02:13:17.834Z,846.42,completed
,cus_30051,2026-07-11T06:38:51.440Z,710.45,shipped
,cus_57509,2026-07-18T13:38:54.396Z,862.80,failed
,cus_65229,2026-07-23T08:08:09.850Z,869.38,completed
,cus_43599,2026-07-10T07:55:40.613Z,546.26,failed
,cus_89540,2026-07-18T20:46:41.618Z,101.67,failed
,cus_13198,2026-07-17T04:49:46.852Z,603.12,shipped
,cus_10424,2026-07-12T06:37:08.414Z,739.19,failed
,cus_39082,2026-07-19T11:45:48.201Z,640.27,shipped
,cus_66707,2026-07-12T13:49:25.463Z,807.50,failed
,cus_60501,2026-07-14T09:46:38.427Z,825.87,failed
,cus_56593,2026-07-13T17:53:52.859Z,276.60,pending
,cus_84221,2026-07-11T17:18:57.352Z,476.27,shipped
,cus_38320,2026-07-17T05:00:06.840Z,775.93,completed
,cus_90381,2026-07-14T00:00:22.052Z,857.66,shipped
,cus_88172,2026-07-11T15:55:19.241Z,840.42,completed
,cus_69465,2026-07-20T17:29:57.335Z,856.00,pending
,cus_77678,2026-07-23T09:37:05.729Z,139.03,failed
,cus_63417,2026-07-14T23:46:25.649Z,685.48,pending
,cus_27208,2026-07-10T10:42:19.874Z,614.71,pending
,cus_24253,2026-07-22T08:49:39.588Z,248.47,shipped
,cus_17150,2026-07-13T08:45:40.422Z,37.50,completed
,cus_96562,2026-07-18T19:38:27.267Z,151.55,failed
,cus_30904,2026-07-12T22:10:48.374Z,591.75,pending
,cus_25699,2026-07-11T15:28:58.203Z,978.02,pending
,cus_30671,2026-07-18T10:58:37.547Z,80.51,completed
,cus_14426,2026-07-14T23:47:52.931Z,784.46,shipped
,cus_56324,2026-07-22T14:02:57.501Z,499.91,shipped
,cus_21371,2026-07-21T10:50:56.465Z,133.27,failed
,cus_67394,2026-07-18T20:47:09.694Z,554.53,completed
,cus_95629,2026-07-17T09:25:12.462Z,404.70,completed
,cus_99805,2026-07-11T22:45:39.427Z,929.03,failed
,cus_76972,2026-07-18T12:45:06.095Z,291.33,completed
,cus_48442,2026-07-15T20:41:11.593Z,67.71,shipped
,cus_94843,2026-07-20T06:58:37.770Z,233.32,pending
,cus_38108,2026-07-10T03:30:40.087Z,805.92,failed
,cus_97405,2026-07-22T07:33:51.080Z,711.71,shipped
,cus_65483,2026-07-21T04:32:18.643Z,171.05,pending
,cus_79396,2026-07-22T02:11:40.783Z,498.12,failed
,cus_64286,2026-07-10T07:37:18.083Z,274.34,failed
,cus_35250,2026-07-12T01:47:22.915Z,89.42,completed
,cus_13829,2026-07-19T11:10:01.356Z,563.71,shipped
,cus_68847,2026-07-20T21:35:38.697Z,791.59,shipped
,cus_80462,2026-07-21T22:14:11.920Z,858.52,failed
,cus_68476,2026-07-20T02:32:41.036Z,19.82,pending
,cus_34766,2026-07-16T04:22:11.381Z,294.13,pending
,cus_33857,2026-07-23T01:44:22.036Z,837.12,pending
,cus_61541,2026-07-10T10:23:48.647Z,517.48,pending
,cus_49762,2026-07-11T11:20:18.392Z,180.85,shipped
,cus_19396,2026-07-10T15:47:05.210Z,111.18,shipped
,cus_97578,2026-07-22T09:56:45.158Z,714.22,failed
,cus_92496,2026-07-23T00:30:19.799Z,582.54,completed
,cus_92679,2026-07-13T07:06:47.821Z,879.69,completed
,cus_38674,2026-07-21T12:21:41.114Z,118.49,pending
,cus_75591,2026-07-15T07:32:30.852Z,833.72,failed
,cus_78553,2026-07-12T02:26:04.601Z,511.85,shipped
,cus_52249,2026-07-14T19:25:42.758Z,126.92,failed
,cus_99473,2026-07-20T11:43:25.734Z,623.56,failed
,cus_98113,2026-07-18T05:39:02.042Z,29.94,shipped
,cus_84029,2026-07-12T01:22:00.565Z,488.72,failed
,cus_34407,2026-07-18T08:38:00.484Z,199.14,pending
,cus_38518,2026-07-23T10:14:07.295Z,169.41,pending
,cus_69252,2026-07-22T22:15:08.403Z,931.94,completed
,cus_98319,2026-07-20T20:32:30.715Z,620.89,completed
,cus_92991,2026-07-15T14:18:10.165Z,477.22,failed
,cus_17051,2026-07-14T02:28:27.407Z,928.67,completed
,cus_23595,2026-07-23T12:00:07.231Z,24.77,pending
,cus_83885,2026-07-22T02:10:45.914Z,378.90,failed
,cus_63473,2026-07-12T19:02:58.177Z,421.86,failed
,cus_86995,2026-07-18T20:19:45.313Z,318.79,shipped
,cus_17359,2026-07-22T02:15:09.897Z,890.54,shipped
,cus_82518,2026-07-23T08:46:31.233Z,761.78,shipped
,cus_84717,2026-07-11T05:45:14.068Z,849.90,completed
,cus_98455,2026-07-11T20:25:35.040Z,435.43,pending
,cus_27348,2026-07-12T09:01:27.478Z,202.70,pending
,cus_48395,2026-07-15T00:16:59.043Z,911.87,shipped
,cus_48444,2026-07-11T07:57:38.766Z,144.01,pending
,cus_44396,2026-07-10T07:21:17.004Z,374.69,completed
,cus_22530,2026-07-13T16:56:03.660Z,775.60,pending
,cus_67958,2026-07-21T08:14:26.097Z,42.88,pending
,cus_74638,2026-07-15T17:03:24.634Z,459.24,shipped
,cus_88876,2026-07-23T07:38:50.156Z,934.35,failed
,cus_24202,2026-07-22T04:29:29.517Z,773.20,shipped
,cus_53809,2026-07-24T02:03:48.608Z,310.96,failed
,cus_73399,2026-07-18T19:43:33.672Z,60.15,failed
,cus_12467,2026-07-22T20:48:36.478Z,836.61,completed
,cus_71300,2026-07-18T08:43:42.480Z,600.18,completed
,cus_83413,2026-07-10T09:16:42.658Z,667.73,failed
,cus_13421,2026-07-21T20:50:06.770Z,346.48,completed
,cus_53527,2026-07-16T06:43:45.330Z,90.19,completed
,cus_99938,2026-07-19T16:58:22.224Z,242.91,completed
,cus_87233,2026-07-10T17:24:25.930Z,538.65,failed
,cus_56874,2026-07-15T04:35:47.961Z,883.40,pending
,cus_68129,2026-07-23T10:09:47.028Z,946.73,pending
,cus_22893,2026-07-12T12:31:36.146Z,315.19,pending
,cus_94953,2026-07-09T16:04:08.814Z,827.45,shipped
,cus_56266,2026-07-14T13:44:20.763Z,889.41,failed
,cus_22493,2026-07-16T01:03:40.501Z,46.44,completed
,cus_29494,2026-07-09T16:21:04.359Z,23.48,failed
,cus_44983,2026-07-17T23:09:25.476Z,236.23,completed
,cus_19472,2026-07-13T11:59:06.669Z,437.27,completed
,cus_34065,2026-07-11T07:35:27.449Z,93.25,failed
,cus_40688,2026-07-13T19:16:45.017Z,366.30,pending
,cus_45769,2026-07-09T21:46:04.609Z,352.54,shipped
,cus_16182,2026-07-19T10:00:08.004Z,508.14,shipped
,cus_31980,2026-07-20T02:59:42.433Z,912.18,shipped
,cus_94059,2026-07-10T19:10:33.638Z,679.94,pending
,cus_91377,2026-07-18T20:37:09.879Z,951.35,shipped
,cus_47964,2026-07-19T17:31:52.493Z,413.33,failed
,cus_64445,2026-07-16T22:45:31.838Z,993.59,shipped
,cus_25531,2026-07-19T09:52:09.856Z,210.46,failed
,cus_18115,2026-07-22T07:46:56.824Z,10.20,pending
,cus_13805,2026-07-22T14:56:55.033Z,14.18,failed
,cus_25599,2026-07-14T13:19:32.950Z,258.44,pending
,cus_95696,2026-07-13T10:24:29.662Z,986.27,shipped
,cus_16967,2026-07-14T23:00:53.593Z,409.60,pending
,cus_11701,2026-07-20T21:41:49.951Z,295.61,shipped
,cus_51822,2026-07-21T23:17:27.923Z,64.22,completed
,cus_43612,2026-07-16T00:18:59.575Z,229.97,completed
,cus_93475,2026-07-21T01:45:17.079Z,963.92,completed
,cus_28615,2026-07-18T13:02:51.124Z,869.60,failed
,cus_64761,2026-07-12T04:07:17.905Z,454.39,failed
,cus_57643,2026-07-24T13:56:44.873Z,311.76,shipped
,cus_43851,2026-07-22T12:22:43.264Z,526.10,pending
,cus_41036,2026-07-11T01:04:11.843Z,995.95,shipped
,cus_67241,2026-07-13T20:32:59.242Z,499.77,shipped
,cus_73724,2026-07-18T21:38:51.236Z,466.13,pending
,cus_10828,2026-07-23T02:48:39.429Z,494.79,shipped
,cus_23720,2026-07-21T14:59:29.969Z,960.50,pending
,cus_21965,2026-07-15T08:38:55.378Z,535.79,shipped
,cus_75473,2026-07-15T17:30:23.653Z,134.50,shipped
,cus_30498,2026-07-18T01:15:09.444Z,404.67,shipped
,cus_97580,2026-07-19T16:54:29.131Z,526.04,failed
,cus_75254,2026-07-15T14:46:35.019Z,948.03,shipped
,cus_60953,2026-07-24T06:27:13.347Z,495.71,shipped
,cus_35249,2026-07-22T13:43:51.110Z,313.78,pending
,cus_49690,2026-07-24T04:58:49.116Z,800.92,completed
,cus_71244,2026-07-17T16:50:04.572Z,766.13,pending
,cus_33165,2026-07-24T13:50:36.405Z,473.38,completed
,cus_28320,2026-07-10T20:42:49.199Z,849.98,pending
,cus_78042,2026-07-09T20:03:13.676Z,482.30,pending
,cus_53796,2026-07-14T01:31:28.662Z,992.38,failed
,cus_42420,2026-07-19T07:42:11.559Z,814.94,failed
,cus_60776,2026-07-24T03:37:47.291Z,879.27,failed
,cus_86128,2026-07-24T14:43:28.811Z,274.52,shipped
,cus_78351,2026-07-19T01:39:52.257Z,606.33,pending
,cus_23194,2026-07-15T08:32:20.020Z,465.12,completed
,cus_85892,2026-07-21T21:52:53.017Z,769.71,pending
,cus_14785,2026-07-16T03:12:43.233Z,10.89,pending
,cus_61956,2026-07-16T16:13:34.769Z,926.75,shipped
,cus_93484,2026-07-19T04:34:55.317Z,172.42,completed
,cus_86442,2026-07-22T00:14:58.712Z,882.41,shipped
,cus_96211,2026-07-13T13:03:33.995Z,807.41,failed
,cus_61758,2026-07-11T20:41:23.841Z,875.46,pending
,cus_11601,2026-07-14T05:16:28.879Z,582.04,failed
,cus_23366,2026-07-20T01:37:39.705Z,930.89,completed
,cus_96203,2026-07-09T16:46:08.948Z,363.83,pending
,cus_80694,2026-07-10T12:15:03.259Z,340.09,completed
,cus_17260,2026-07-20T13:19:14.009Z,708.82,pending
,cus_14509,2026-07-18T22:01:28.648Z,187.10,pending
,cus_90656,2026-07-12T04:02:28.652Z,33.75,failed
,cus_96692,2026-07-24T03:13:23.275Z,370.58,shipped
,cus_52301,2026-07-11T15:22:55.026Z,235.15,failed
,cus_48944,2026-07-10T08:50:57.708Z,150.37,completed
,cus_14643,2026-07-23T23:51:17.137Z,917.86,pending
,cus_79116,2026-07-16T00:46:27.553Z,336.59,failed
,cus_90808,2026-07-12T20:39:33.931Z,842.44,pending
,cus_19432,2026-07-24T08:48:23.091Z,762.88,completed
,cus_29934,2026-07-24T05:32:47.049Z,432.48,pending
,cus_48723,2026-07-21T20:01:23.499Z,346.46,pending
,cus_95639,2026-07-23T00:08:55.290Z,581.68,completed
,cus_77179,2026-07-10T13:51:07.648Z,669.21,pending
,cus_60257,2026-07-11T06:08:49.853Z,697.70,completed
,cus_85185,2026-07-19T19:04:48.401Z,73.14,completed
,cus_22711,2026-07-21T23:05:06.583Z,621.81,shipped
,cus_52160,2026-07-22T05:02:04.009Z,965.33,shipped
,cus_27897,2026-07-11T22:38:46.240Z,562.98,shipped
,cus_35512,2026-07-23T22:43:09.590Z,118.61,completed
,cus_57027,2026-07-21T05:56:39.401Z,621.01,completed
,cus_16204,2026-07-16T23:24:46.331Z,107.10,failed
,cus_79368,2026-07-09T22:34:58.808Z,819.73,failed
,cus_98422,2026-07-10T09:09:16.089Z,46.78,shipped
,cus_51455,2026-07-22T22:44:15.781Z,357.67,completed
,cus_54454,2026-07-20T17:35:40.696Z,890.30,completed
,cus_54794,2026-07-19T18:44:33.691Z,739.89,shipped
,cus_77490,2026-07-20T19:50:42.273Z,379.80,shipped
,cus_71123,2026-07-21T13:54:58.028Z,686.95,shipped
,cus_58087,2026-07-13T15:45:53.312Z,676.75,completed
,cus_97455,2026-07-13T10:46:25.902Z,128.00,shipped
,cus_29901,2026-07-23T06:06:02.649Z,25.70,failed
,cus_27925,2026-07-24T01:27:35.790Z,50.99,shipped
,cus_69769,2026-07-22T01:51:41.157Z,275.76,completed
,cus_51920,2026-07-10T21:40:03.684Z,112.87,shipped
,cus_61054,2026-07-22T02:41:37.284Z,848.24,completed
,cus_83498,2026-07-23T13:06:33.717Z,779.52,pending
,cus_31579,2026-07-19T20:40:47.443Z,364.98,completed
,cus_61275,2026-07-19T14:09:25.300Z,965.71,shipped
,cus_14058,2026-07-22T11:26:45.274Z,46.67,pending
,cus_74739,2026-07-17T19:19:58.087Z,791.18,shipped
,cus_91993,2026-07-24T08:31:21.630Z,723.75,failed
,cus_14655,2026-07-23T06:42:59.845Z,883.55,failed
,cus_99424,2026-07-20T02:07:51.599Z,615.30,failed
,cus_25544,2026-07-19T15:10:19.091Z,736.87,pending
,cus_81767,2026-07-19T19:29:49.729Z,206.90,shipped
,cus_52341,2026-07-13T11:22:50.832Z,704.25,pending
,cus_15119,2026-07-22T22:15:03.375Z,33.50,shipped
,cus_30620,2026-07-14T12:33:20.798Z,976.30,completed
,cus_37619,2026-07-13T05:44:06.728Z,672.63,pending
,cus_53839,2026-07-15T14:28:15.132Z,342.22,completed
,cus_17651,2026-07-19T10:09:58.993Z,574.44,completed
,cus_17410,2026-07-09T22:22:27.318Z,362.82,shipped
,cus_21820,2026-07-20T13:27:27.880Z,194.49,shipped
,cus_77923,2026-07-21T10:30:11.969Z,66.74,completed
,cus_95095,2026-07-23T15:00:19.345Z,197.71,pending
,cus_43924,2026-07-15T18:04:27.842Z,479.88,shipped
,cus_45249,2026-07-12T06:06:44.403Z,297.98,pending
,cus_11109,2026-07-17T19:19:46.266Z,938.99,pending
,cus_59457,2026-07-18T12:17:21.141Z,944.52,completed
,cus_78348,2026-07-15T02:09:33.598Z,848.15,completed
,cus_80028,2026-07-18T09:52:18.442Z,100.52,shipped
,cus_51976,2026-07-11T21:54:00.224Z,519.20,completed
,cus_49171,2026-07-13T02:59:35.285Z,233.03,failed
,cus_59237,2026-07-16T18:52:42.049Z,786.45,failed
,cus_60665,2026-07-20T00:45:23.356Z,432.44,shipped
,cus_75462,2026-07-17T03:30:10.003Z,233.50,failed
,cus_36827,2026-07-18T23:16:12.476Z,437.44,shipped
,cus_51574,2026-07-14T15:50:46.596Z,871.63,completed
,cus_73576,2026-07-23T02:56:55.930Z,661.04,completed
,cus_57922,2026-07-15T02:21:51.834Z,105.68,pending
,cus_10820,2026-07-11T02:09:26.477Z,139.66,shipped
,cus_48237,2026-07-11T17:20:40.994Z,854.44,failed
,cus_80829,2026-07-15T02:24:23.753Z,612.29,completed
,cus_11538,2026-07-22T03:35:14.849Z,817.35,completed
,cus_83882,2026-07-15T16:13:39.456Z,917.21,failed
,cus_42572,2026-07-24T07:50:00.621Z,237.49,shipped
,cus_17768,2026-07-24T09:38:24.096Z,173.09,shipped
,cus_67652,2026-07-24T09:41:25.557Z,839.13,completed
,cus_71386,2026-07-22T11:05:39.360Z,91.07,failed
,cus_13189,2026-07-16T18:02:22.357Z,917.32,shipped
,cus_28950,2026-07-24T03:31:27.454Z,12.81,completed
,cus_19637,2026-07-12T06:23:36.851Z,183.55,shipped
,cus_59356,2026-07-09T15:21:31.083Z,947.92,completed
,cus_41139,2026-07-15T00:03:04.570Z,212.38,failed
,cus_86803,2026-07-10T01:10:35.732Z,945.43,shipped
,cus_59859,2026-07-20T10:35:57.356Z,678.57,failed
,cus_86212,2026-07-22T04:02:38.641Z,729.71,failed
,cus_22884,2026-07-14T05:29:41.409Z,714.25,shipped
,cus_92933,2026-07-15T20:02:46.437Z,800.09,pending
,cus_18073,2026-07-22T23:47:18.631Z,184.88,failed
,cus_43191,2026-07-22T12:47:01.205Z,378.41,failed
,cus_77355,2026-07-14T07:27:30.712Z,846.92,failed
,cus_26329,2026-07-11T07:31:00.527Z,30.90,shipped
,cus_61614,2026-07-14T06:58:18.571Z,664.58,failed
,cus_76923,2026-07-12T12:07:51.696Z,163.91,completed
,cus_59142,2026-07-09T19:28:39.882Z,486.38,pending
,cus_64619,2026-07-14T22:11:46.299Z,852.18,completed
,cus_21835,2026-07-18T20:41:48.002Z,612.90,completed
,cus_70647,2026-07-10T06:40:43.748Z,562.07,completed
,cus_94943,2026-07-17T21:50:40.219Z,50.23,failed
,cus_28578,2026-07-18T05:27:20.241Z,168.66,shipped
,cus_85654,2026-07-14T14:57:27.234Z,339.86,pending
,cus_44723,2026-07-18T02:29:53.585Z,118.58,completed
,cus_98692,2026-07-22T17:22:11.633Z,679.06,pending
,cus_42019,2026-07-14T16:36:53.365Z,407.45,pending
,cus_93272,2026-07-21T23:20:28.674Z,82.81,completed
,cus_50505,2026-07-11T16:08:15.019Z,384.46,pending
,cus_65092,2026-07-23T00:00:30.516Z,526.38,pending
,cus_89204,2026-07-16T17:29:07.203Z,63.37,failed
,cus_55511,2026-07-17T16:05:51.970Z,325.31,completed
,cus_59237,2026-07-17T00:15:39.395Z,698.33,pending
,cus_26805,2026-07-12T14:17:11.079Z,288.07,failed
,cus_46339,2026-07-16T08:02:35.132Z,599.96,shipped
,cus_61071,2026-07-19T03:55:07.866Z,824.26,failed
,cus_40332,2026-07-11T14:38:52.087Z,856.12,pending
,cus_12224,2026-07-22T06:56:09.893Z,849.53,completed
,cus_46011,2026-07-11T23:43:25.606Z,412.69,completed
,cus_11308,2026-07-14T01:24:55.340Z,605.05,completed
,cus_18968,2026-07-12T10:07:46.004Z,972.25,completed
,cus_18788,2026-07-24T14:58:22.411Z,605.14,shipped
,cus_90107,2026-07-09T16:43:53.984Z,762.91,shipped
,cus_14220,2026-07-10T06:46:03.776Z,29.17,completed
,cus_41953,2026-07-12T14:39:20.995Z,957.82,shipped
,cus_22764,2026-07-12T06:50:33.815Z,766.10,failed
,cus_47880,2026-07-09T23:03:28.842Z,634.32,pending
,cus_56013,2026-07-16T05:24:40.267Z,817.98,completed
,cus_26876,2026-07-23T11:11:46.591Z,452.05,completed
,cus_59015,2026-07-14T06:56:01.159Z,726.99,failed
,cus_78320,2026-07-18T02:45:58.751Z,848.60,shipped
,cus_99108,2026-07-16T04:54:21.684Z,1002.25,pending
,cus_95458,2026-07-23T06:38:22.824Z,787.85,pending
,cus_31164,2026-07-12T07:15:08.098Z,228.47,failed
,cus_21955,2026-07-19T17:41:47.436Z,217.91,pending
,cus_59727,2026-07-12T01:07:25.921Z,568.41,pending
,cus_88161,2026-07-21T06:20:03.318Z,822.95,completed
,cus_68341,2026-07-24T12:52:48.848Z,864.79,completed
,cus_41875,2026-07-16T15:17:03.958Z,262.68,failed
,cus_25070,2026-07-18T19:53:46.309Z,407.84,completed
,cus_73252,2026-07-20T21:54:32.017Z,106.04,shipped
,cus_72824,2026-07-18T22:31:03.648Z,868.63,completed
,cus_50211,2026-07-19T13:38:47.849Z,488.68,failed
,cus_72294,2026-07-10T11:46:47.594Z,464.76,shipped
,cus_72991,2026-07-22T15:41:23.827Z,516.77,pending
,cus_41249,2026-07-23T23:00:01.151Z,254.35,completed
,cus_33015,2026-07-23T10:46:19.548Z,28.39,pending
,cus_52639,2026-07-22T06:57:13.020Z,808.76,shipped
,cus_72129,2026-07-18T12:32:06.663Z,497.03,completed
,cus_74346,2026-07-15T10:58:26.031Z,999.59,completed
,cus_82583,2026-07-24T05:26:18.532Z,559.13,pending
,cus_15498,2026-07-15T12:10:05.849Z,332.30,completed
,cus_94783,2026-07-12T14:27:10.143Z,501.65,completed
,cus_41453,2026-07-15T13:35:04.014Z,132.44,completed
,cus_32312,2026-07-15T12:35:36.793Z,978.89,pending
,cus_71740,2026-07-16T13:00:48.469Z,343.41,shipped
,cus_94804,2026-07-16T08:49:11.929Z,915.90,shipped
,cus_49763,2026-07-13T02:51:34.987Z,817.05,pending
,cus_80125,2026-07-22T01:50:36.518Z,484.33,failed
,cus_11893,2026-07-21T08:36:26.610Z,983.69,shipped
,cus_95811,2026-07-13T19:14:31.818Z,900.12,completed
,cus_87148,2026-07-11T20:21:34.329Z,173.29,pending
,cus_50586,2026-07-23T02:14:09.862Z,82.51,completed
,cus_52235,2026-07-12T20:19:00.838Z,474.22,failed
,cus_36915,2026-07-15T17:16:17.862Z,401.35,failed
,cus_75639,2026-07-11T09:00:53.395Z,923.87,pending
,cus_57506,2026-07-10T22:18:50.600Z,119.69,shipped
,cus_60978,2026-07-16T02:29:18.114Z,891.68,failed
,cus_34750,2026-07-12T16:56:49.863Z,898.12,failed
,cus_67421,2026-07-18T16:40:30.909Z,669.92,failed
,cus_96317,2026-07-22T12:41:20.770Z,1004.41,pending
,cus_92749,2026-07-21T09:19:46.769Z,627.46,pending
,cus_55100,2026-07-22T07:44:36.356Z,373.82,failed
,cus_84730,2026-07-15T11:26:12.954Z,994.71,shipped
,cus_25083,2026-07-14T22:44:27.898Z,789.61,completed
,cus_84554,2026-07-14T05:44:15.341Z,489.55,shipped
,cus_83690,2026-07-17T14:37:39.122Z,888.14,shipped
,cus_49967,2026-07-11T05:31:19.711Z,868.58,completed
,cus_21523,2026-07-18T04:31:43.978Z,727.11,failed
,cus_81861,2026-07-17T18:58:06.924Z,97.90,pending
,cus_14794,2026-07-10T20:45:05.358Z,317.71,pending
,cus_16616,2026-07-15T10:36:15.562Z,168.51,pending
,cus_68062,2026-07-10T03:37:52.632Z,343.56,failed
,cus_52007,2026-07-13T01:27:34.621Z,17.55,failed
,cus_79193,2026-07-20T05:50:20.895Z,775.58,failed
,cus_27981,2026-07-16T12:59:51.188Z,368.63,completed
,cus_24371,2026-07-23T17:38:03.371Z,783.43,failed
,cus_56993,2026-07-20T08:35:18.917Z,483.31,shipped
,cus_80875,2026-07-16T14:41:30.580Z,30.31,failed
,cus_52046,2026-07-23T01:36:01.654Z,52.97,pending
,cus_77637,2026-07-18T05:35:04.773Z,393.43,pending
,cus_34306,2026-07-24T01:17:38.137Z,667.36,pending
,cus_32966,2026-07-17T21:02:37.232Z,208.74,pending
,cus_44038,2026-07-15T15:07:28.906Z,762.01,completed
,cus_70991,2026-07-21T05:44:07.643Z,284.99,failed
,cus_44993,2026-07-18T12:58:40.153Z,570.43,completed
,cus_60189,2026-07-14T23:26:44.151Z,75.46,completed
,cus_22756,2026-07-17T19:39:56.373Z,238.72,failed
,cus_22069,2026-07-19T22:01:04.797Z,924.41,pending
,cus_76977,2026-07-21T18:33:52.420Z,683.12,failed
,cus_50458,2026-07-22T21:14:56.611Z,36.35,pending
,cus_58957,2026-07-21T19:56:44.362Z,321.04,failed
,cus_54517,2026-07-16T01:17:22.061Z,83.23,pending
,cus_93722,2026-07-21T22:35:04.169Z,321.50,failed
,cus_83804,2026-07-19T11:47:32.887Z,420.82,failed
,cus_43348,2026-07-23T18:47:49.137Z,500.58,failed
,cus_41573,2026-07-23T19:16:05.793Z,200.27,failed
,cus_97704,2026-07-16T07:23:18.081Z,792.72,completed
,cus_59536,2026-07-21T01:14:52.057Z,680.34,completed
,cus_19228,2026-07-23T19:36:36.459Z,417.21,shipped
,cus_79266,2026-07-14T10:35:25.338Z,565.29,shipped
,cus_57752,2026-07-20T05:14:45.253Z,466.19,shipped
,cus_20917,2026-07-15T02:44:49.568Z,733.82,shipped
,cus_12257,2026-07-17T16:24:29.547Z,116.28,failed
,cus_78695,2026-07-10T23:06:57.563Z,457.50,shipped
,cus_79500,2026-07-11T19:52:19.162Z,114.16,failed
,cus_82547,2026-07-21T11:46:34.586Z,644.90,failed
,cus_97144,2026-07-11T08:50:00.533Z,771.38,shipped
,cus_97670,2026-07-14T20:00:05.510Z,701.08,pending
,cus_92297,2026-07-21T03:49:20.097Z,927.33,pending
,cus_18030,2026-07-09T16:02:27.858Z,394.94,completed
,cus_69751,2026-07-11T10:43:48.640Z,10.49,completed
,cus_94535,2026-07-15T13:31:45.291Z,320.95,shipped
,cus_12841,2026-07-15T02:25:41.543Z,391.55,pending
,cus_66831,2026-07-18T16:06:08.975Z,695.96,pending
,cus_60056,2026-07-14T12:20:49.778Z,674.28,completed
,cus_49412,2026-07-16T06:24:12.277Z,824.51,shipped
,cus_89913,2026-07-20T08:28:37.164Z,632.81,failed
,cus_54718,2026-07-21T12:22:15.335Z,932.49,shipped
,cus_89348,2026-07-14T09:31:36.613Z,1004.61,failed
,cus_51571,2026-07-10T23:15:07.872Z,375.24,failed
,cus_19910,2026-07-21T02:39:03.898Z,65.41,failed
,cus_70100,2026-07-21T02:00:25.945Z,874.91,failed
,cus_50214,2026-07-19T21:35:29.444Z,192.18,completed
,cus_37223,2026-07-12T17:54:24.602Z,731.97,completed
,cus_75640,2026-07-18T09:40:00.514Z,18.34,pending
,cus_92671,2026-07-18T13:11:18.878Z,211.80,failed
,cus_87059,2026-07-10T03:56:54.429Z,707.08,shipped
,cus_10922,2026-07-20T21:13:40.970Z,156.33,completed
,cus_76550,2026-07-12T09:06:10.415Z,261.80,pending
,cus_92659,2026-07-14T11:41:21.552Z,325.52,pending
,cus_75273,2026-07-13T08:41:00.324Z,983.11,completed
,cus_54976,2026-07-11T22:42:55.443Z,664.18,failed
,cus_58699,2026-07-20T12:22:56.663Z,526.16,completed
,cus_34808,2026-07-13T09:15:40.037Z,256.85,pending
,cus_34125,2026-07-18T01:12:38.100Z,229.07,pending
,cus_41036,2026-07-16T11:46:49.917Z,645.97,failed
,cus_53863,2026-07-24T06:55:06.789Z,240.80,shipped
,cus_48166,2026-07-24T02:43:54.107Z,113.71,pending
,cus_78620,2026-07-22T05:51:12.113Z,151.68,failed
,cus_47624,2026-07-18T10:44:25.880Z,127.32,shipped
,cus_30676,2026-07-13T14:17:06.397Z,402.73,shipped
,cus_93392,2026-07-18T00:28:30.513Z,412.42,failed
,cus_18034,2026-07-10T10:41:38.960Z,32.92,shipped
,cus_63817,2026-07-21T05:20:49.019Z,383.50,pending
,cus_67096,2026-07-20T08:08:54.982Z,538.13,failed
,cus_83518,2026-07-12T00:46:23.472Z,692.86,shipped
,cus_98544,2026-07-19T23:58:06.696Z,817.46,completed
,cus_86964,2026-07-23T07:48:31.719Z,639.69,completed
,cus_45295,2026-07-14T11:10:43.389Z,744.81,failed
,cus_57213,2026-07-09T18:52:32.542Z,726.80,pending
,cus_63986,2026-07-23T23:14:46.748Z,893.62,completed
,cus_27253,2026-07-22T08:05:23.401Z,969.51,completed
,cus_60096,2026-07-21T12:14:36.228Z,64.63,shipped
,cus_37446,2026-07-10T06:37:09.343Z,732.58,pending
,cus_11179,2026-07-21T12:08:23.452Z,17.79,shipped
,cus_42579,2026-07-15T14:04:28.488Z,69.75,shipped
,cus_71823,2026-07-22T00:56:10.220Z,682.06,shipped
,cus_32006,2026-07-20T15:52:09.133Z,726.90,completed
,cus_26065,2026-07-22T02:20:23.801Z,35.12,completed
,cus_49438,2026-07-21T01:09:21.176Z,757.74,pending
,cus_43943,2026-07-11T21:46:48.172Z,682.43,shipped
,cus_19263,2026-07-24T01:30:05.471Z,142.25,completed
,cus_22463,2026-07-11T02:09:22.433Z,767.12,shipped
,cus_58426,2026-07-11T15:49:37.239Z,398.98,completed
,cus_23802,2026-07-13T01:33:58.073Z,476.68,completed
,cus_69481,2026-07-13T08:23:00.073Z,484.03,failed
,cus_39500,2026-07-11T03:28:49.364Z,855.93,failed
,cus_97149,2026-07-22T15:14:45.270Z,989.74,shipped
,cus_96584,2026-07-11T17:08:30.317Z,731.19,failed
,cus_83496,2026-07-09T16:47:32.783Z,951.43,completed
,cus_20178,2026-07-09T16:36:03.077Z,605.16,failed
,cus_22346,2026-07-14T00:48:44.129Z,301.49,failed
,cus_45174,2026-07-18T01:03:44.591Z,871.48,completed
,cus_58579,2026-07-20T08:09:14.862Z,962.74,completed
,cus_48002,2026-07-15T18:01:04.335Z,651.03,pending
,cus_94330,2026-07-14T02:12:16.248Z,333.92,pending
,cus_28370,2026-07-12T10:26:35.433Z,49.07,completed
,cus_80362,2026-07-23T19:33:35.586Z,87.32,shipped
,cus_20485,2026-07-14T02:22:35.132Z,229.94,pending
,cus_69959,2026-07-22T07:11:13.631Z,915.15,shipped
,cus_12610,2026-07-16T09:36:24.417Z,936.84,shipped
,cus_95048,2026-07-15T21:04:28.281Z,233.26,completed
,cus_65245,2026-07-10T11:55:01.928Z,154.66,pending
,cus_15547,2026-07-19T10:11:52.453Z,271.38,shipped
,cus_69199,2026-07-11T20:44:11.812Z,724.38,completed
,cus_17189,2026-07-15T02:15:04.181Z,311.23,pending
,cus_79967,2026-07-15T00:25:19.695Z,269.82,failed
,cus_70514,2026-07-23T05:49:12.046Z,30.60,shipped
,cus_43451,2026-07-14T03:19:14.537Z,549.01,completed
,cus_31726,2026-07-14T00:14:10.724Z,959.38,failed
,cus_81370,2026-07-24T14:14:55.113Z,367.81,completed
,cus_91314,2026-07-14T23:46:24.285Z,654.07,completed
,cus_35912,2026-07-23T04:55:29.077Z,546.31,shipped
,cus_59486,2026-07-10T16:31:39.748Z,655.84,shipped
,cus_20141,2026-07-24T10:46:34.193Z,751.34,failed
,cus_58090,2026-07-12T03:40:50.798Z,42.06,shipped
,cus_13846,2026-07-20T03:06:38.082Z,324.90,shipped
,cus_88291,2026-07-23T17:59:22.261Z,75.86,completed
,cus_13070,2026-07-21T20:08:39.802Z,576.39,shipped
,cus_94303,2026-07-11T18:53:28.953Z,150.83,completed
,cus_97568,2026-07-11T15:29:00.427Z,179.25,pending
,cus_94030,2026-07-13T21:18:22.951Z,335.30,completed
,cus_46763,2026-07-16T01:04:31.999Z,908.83,completed
,cus_40280,2026-07-15T02:36:48.853Z,189.91,shipped
,cus_20553,2026-07-11T09:24:25.437Z,628.27,completed
,cus_17117,2026-07-20T07:32:36.018Z,1007.77,shipped
,cus_19695,2026-07-14T02:05:53.996Z,784.76,failed
,cus_91878,2026-07-13T13:45:25.123Z,479.41,completed
,cus_35609,2026-07-19T07:27:17.424Z,356.54,pending
,cus_52767,2026-07-20T14:27:47.759Z,73.74,failed
,cus_66576,2026-07-23T11:57:17.154Z,29.01,completed
,cus_31955,2026-07-21T23:45:48.061Z,117.33,pending
,cus_29674,2026-07-11T19:47:58.522Z,20.45,shipped
,cus_36970,2026-07-19T16:04:48.527Z,916.43,failed
,cus_84612,2026-07-24T02:39:07.249Z,707.87,shipped
,cus_41768,2026-07-15T10:15:26.458Z,753.14,pending
,cus_18070,2026-07-11T05:11:04.283Z,369.49,shipped
,cus_33625,2026-07-15T09:28:34.643Z,15.10,pending
,cus_45021,2026-07-10T09:08:40.541Z,864.69,shipped
,cus_48647,2026-07-15T21:31:02.578Z,684.88,shipped
,cus_50261,2026-07-24T12:01:29.430Z,514.69,pending
,cus_26448,2026-07-17T23:23:44.985Z,266.18,pending
,cus_61406,2026-07-10T15:23:50.296Z,287.07,completed
,cus_77242,2026-07-13T23:04:15.966Z,34.66,completed
,cus_64383,2026-07-24T04:14:40.065Z,434.56,shipped
,cus_63796,2026-07-22T19:03:06.369Z,318.06,failed
,cus_52873,2026-07-11T08:40:38.256Z,546.03,shipped
,cus_97896,2026-07-14T19:13:01.518Z,823.37,pending
,cus_29319,2026-07-17T06:20:24.341Z,804.82,shipped
,cus_62432,2026-07-18T02:28:57.986Z,436.96,completed
,cus_35235,2026-07-22T18:26:31.151Z,289.31,shipped
,cus_19035,2026-07-15T15:08:58.106Z,556.10,completed
,cus_72723,2026-07-18T22:06:15.429Z,425.29,failed
,cus_82835,2026-07-16T21:11:30.691Z,841.66,failed
,cus_68960,2026-07-10T06:43:00.713Z,903.49,completed
,cus_23888,2026-07-15T19:01:21.712Z,529.65,completed
,cus_56838,2026-07-22T13:48:30.286Z,905.50,failed
,cus_44488,2026-07-10T10:32:14.152Z,851.73,pending
,cus_29540,2026-07-23T10:03:31.054Z,392.73,completed
,cus_53443,2026-07-12T20:28:00.393Z,512.17,pending
,cus_11849,2026-07-15T01:08:20.876Z,537.80,shipped
,cus_74965,2026-07-20T13:04:26.002Z,423.58,shipped
,cus_75819,2026-07-20T11:23:52.368Z,935.65,shipped
,cus_39506,2026-07-19T20:45:57.693Z,451.58,completed
,cus_92613,2026-07-21T18:30:37.626Z,654.84,pending
,cus_57559,2026-07-20T00:43:20.367Z,946.78,completed
,cus_14715,2026-07-21T17:46:24.243Z,388.81,completed
,cus_82223,2026-07-23T08:21:51.488Z,632.93,failed
,cus_12126,2026-07-10T03:43:42.518Z,386.79,failed
,cus_73127,2026-07-24T11:42:52.352Z,824.95,shipped
,cus_81729,2026-07-13T05:26:16.050Z,496.10,pending
,cus_99583,2026-07-14T10:09:54.189Z,947.89,completed
,cus_11376,2026-07-12T16:30:45.190Z,945.61,pending
,cus_10482,2026-07-10T12:49:52.621Z,160.91,pending
,cus_74791,2026-07-14T14:02:18.139Z,932.20,completed
,cus_69124,2026-07-20T17:55:41.157Z,104.40,completed
,cus_86061,2026-07-23T23:47:09.069Z,820.45,pending
,cus_95316,2026-07-15T02:47:08.652Z,480.73,completed
,cus_80261,2026-07-12T17:30:46.101Z,826.78,pending
,cus_41771,2026-07-13T01:47:48.995Z,1006.98,shipped
,cus_70818,2026-07-21T08:11:46.447Z,921.19,completed
,cus_91080,2026-07-10T15:03:51.391Z,645.89,shipped
,cus_20087,2026-07-16T16:43:42.343Z,33.70,shipped
,cus_21291,2026-07-18T11:11:59.445Z,177.53,pending
,cus_85674,2026-07-12T22:45:04.839Z,576.31,pending
,cus_26108,2026-07-13T22:25:10.448Z,10.50,shipped
,cus_91328,2026-07-17T02:34:45.443Z,931.58,failed
,cus_12048,2026-07-24T08:09:33.422Z,933.80,failed
,cus_73489,2026-07-13T16:16:22.436Z,750.73,shipped
,cus_58184,2026-07-21T04:04:40.775Z,278.81,completed
,cus_16014,2026-07-18T05:38:26.937Z,222.22,pending
,cus_11870,2026-07-14T18:00:51.874Z,867.35,failed
,cus_57203,2026-07-19T02:55:16.500Z,439.10,failed
,cus_85759,2026-07-11T12:08:04.161Z,545.76,failed
,cus_77523,2026-07-18T11:38:09.960Z,843.20,shipped
,cus_50817,2026-07-11T09:35:05.946Z,829.12,pending
,cus_22313,2026-07-20T05:56:44.592Z,61.84,shipped
,cus_32559,2026-07-19T19:51:38.791Z,568.83,completed
,cus_29936,2026-07-15T06:37:19.846Z,883.95,completed
,cus_28439,2026-07-23T19:40:49.088Z,167.53,shipped
,cus_38209,2026-07-24T05:02:04.639Z,933.15,shipped
,cus_98358,2026-07-24T02:19:08.089Z,496.59,shipped
,cus_70894,2026-07-16T12:03:43.404Z,516.99,completed
,cus_39633,2026-07-11T07:01:37.210Z,636.18,completed
,cus_59765,2026-07-12T02:00:46.415Z,435.29,shipped
,cus_10383,2026-07-19T10:12:39.349Z,820.72,failed
,cus_36016,2026-07-19T09:44:57.732Z,233.38,pending
,cus_68048,2026-07-20T11:20:23.405Z,698.26,failed
,cus_71889,2026-07-21T07:09:11.012Z,838.22,pending
,cus_31616,2026-07-18T01:55:09.178Z,322.15,shipped
,cus_62116,2026-07-21T03:21:24.474Z,926.95,shipped
,cus_27648,2026-07-23T23:50:58.785Z,226.57,shipped
,cus_24739,2026-07-14T06:03:12.997Z,677.69,pending
,cus_33144,2026-07-22T07:26:04.577Z,1008.87,pending
,cus_35347,2026-07-19T23:31:42.037Z,895.25,completed
,cus_42555,2026-07-18T11:32:09.990Z,281.33,pending
,cus_47281,2026-07-17T00:42:16.654Z,864.23,completed
,cus_28041,2026-07-23T14:54:12.061Z,768.34,completed
,cus_37668,2026-07-10T08:25:19.928Z,786.95,shipped
,cus_47611,2026-07-21T09:17:33.290Z,429.29,pending
,cus_14630,2026-07-16T06:23:30.685Z,426.99,shipped
,cus_22412,2026-07-10T13:31:56.526Z,805.55,completed
,cus_79882,2026-07-21T10:09:35.588Z,474.78,pending
,cus_69753,2026-07-11T22:17:58.303Z,276.24,shipped
,cus_11459,2026-07-13T00:05:40.739Z,436.02,failed
,cus_48127,2026-07-22T04:56:23.008Z,116.55,pending
,cus_63072,2026-07-17T14:17:40.326Z,78.27,failed
,cus_11786,2026-07-22T22:50:01.383Z,230.81,shipped
,cus_62904,2026-07-20T02:03:30.271Z,449.40,completed
,cus_29556,2026-07-19T03:46:13.035Z,288.85,shipped
,cus_85140,2026-07-20T01:33:31.672Z,521.53,completed
,cus_22977,2026-07-24T00:48:05.932Z,366.95,shipped
,cus_55913,2026-07-21T19:36:09.246Z,759.46,pending
,cus_12974,2026-07-14T06:01:49.873Z,227.21,shipped
,cus_55341,2026-07-16T03:10:00.370Z,947.91,pending
,cus_39052,2026-07-22T22:02:13.565Z,751.66,shipped
,cus_80859,2026-07-23T23:13:53.713Z,716.14,shipped
,cus_45248,2026-07-15T07:30:03.365Z,22.05,failed
,cus_30474,2026-07-16T08:44:41.630Z,747.79,shipped
,cus_56986,2026-07-12T07:58:31.944Z,756.61,shipped
,cus_74012,2026-07-18T00:11:16.662Z,901.06,completed
,cus_59340,2026-07-11T11:37:42.393Z,584.64,pending
,cus_64800,2026-07-22T15:27:48.019Z,703.52,pending
,cus_79596,2026-07-18T07:51:26.084Z,203.49,pending
,cus_65552,2026-07-13T12:27:08.534Z,415.67,completed
,cus_51838,2026-07-19T23:59:37.400Z,327.12,pending
,cus_75190,2026-07-20T09:13:01.900Z,879.76,failed
,cus_80408,2026-07-10T01:02:02.973Z,711.19,shipped
,cus_97716,2026-07-20T05:19:26.007Z,471.21,failed
,cus_56396,2026-07-21T19:16:09.477Z,989.59,pending
,cus_91075,2026-07-16T08:43:35.969Z,994.28,completed
,cus_93316,2026-07-16T05:11:18.434Z,877.10,shipped
,cus_70786,2026-07-19T21:33:29.800Z,870.81,shipped
,cus_88255,2026-07-12T14:55:03.057Z,259.40,failed
,cus_23220,2026-07-10T15:17:00.537Z,214.75,completed
,cus_61054,2026-07-10T19:38:35.683Z,74.22,shipped
,cus_99851,2026-07-18T23:35:26.895Z,40.49,failed
,cus_16542,2026-07-24T12:18:51.344Z,695.89,shipped
,cus_41179,2026-07-19T23:29:11.916Z,455.77,completed
,cus_94654,2026-07-17T10:53:48.182Z,50.94,pending
,cus_56804,2026-07-23T07:50:14.155Z,938.44,failed
,cus_20911,2026-07-16T13:30:22.891Z,742.80,pending
,cus_85098,2026-07-23T11:03:48.989Z,464.02,shipped
,cus_92839,2026-07-18T23:30:43.402Z,799.47,completed
,cus_40574,2026-07-09T20:23:06.174Z,116.36,pending
,cus_54769,2026-07-19T16:11:04.340Z,134.42,completed
,cus_41709,2026-07-18T19:31:36.999Z,751.61,pending
,cus_95688,2026-07-16T08:34:13.302Z,795.43,shipped
,cus_72982,2026-07-11T10:34:09.724Z,433.62,completed
,cus_17265,2026-07-23T07:16:37.783Z,990.00,pending
,cus_89703,2026-07-22T04:45:41.911Z,219.66,pending
,cus_19724,2026-07-14T19:52:07.610Z,633.76,shipped
,cus_15835,2026-07-21T06:25:48.237Z,912.24,failed
,cus_67833,2026-07-11T22:46:35.238Z,448.30,failed
,cus_32079,2026-07-16T03:22:28.548Z,10.83,completed
,cus_25153,2026-07-16T03:30:05.652Z,959.68,pending
,cus_29399,2026-07-12T13:21:51.070Z,235.60,pending
,cus_25620,2026-07-20T09:33:56.202Z,500.87,shipped
,cus_74817,2026-07-10T21:19:52.282Z,841.01,pending
,cus_69005,2026-07-10T20:00:19.660Z,424.57,failed
,cus_90797,2026-07-20T07:24:05.142Z,983.84,failed
,cus_94556,2026-07-09T22:51:00.719Z,431.71,failed
,cus_32428,2026-07-22T22:48:15.248Z,532.96,failed
,cus_34039,2026-07-10T08:31:22.762Z,804.53,shipped
,cus_12367,2026-07-13T20:11:50.132Z,878.48,pending
,cus_96899,2026-07-15T01:29:10.257Z,540.34,completed
,cus_90277,2026-07-22T15:04:28.463Z,536.48,shipped
,cus_89209,2026-07-18T16:18:35.995Z,772.03,completed
,cus_11313,2026-07-23T01:17:51.818Z,687.59,completed
,cus_41499,2026-07-22T01:55:44.152Z,480.29,pending
,cus_94690,2026-07-16T14:33:12.867Z,470.25,completed
,cus_43441,2026-07-16T07:43:23.153Z,764.76,pending
,cus_23318,2026-07-13T23:53:50.654Z,381.92,failed
,cus_21448,2026-07-22T14:00:08.122Z,837.26,shipped
,cus_15952,2026-07-20T21:42:16.582Z,88.58,pending
,cus_41697,2026-07-24T05:25:01.108Z,41.60,shipped
,cus_75039,2026-07-20T22:16:40.720Z,134.11,shipped
,cus_90891,2026-07-12T12:18:16.316Z,39.17,pending
,cus_34533,2026-07-11T06:33:03.665Z,499.05,pending
,cus_31345,2026-07-14T16:23:28.403Z,882.44,pending
,cus_63803,2026-07-16T23:48:28.182Z,314.52,failed
,cus_29197,2026-07-20T13:33:02.812Z,97.89,shipped
,cus_58616,2026-07-12T04:20:47.202Z,979.80,shipped
,cus_65659,2026-07-12T17:29:19.985Z,101.05,completed
,cus_55952,2026-07-14T18:50:43.505Z,618.20,pending
,cus_33610,2026-07-13T11:49:51.550Z,117.48,pending
,cus_24936,2026-07-17T01:22:55.614Z,923.96,pending
,cus_59588,2026-07-21T03:19:40.419Z,64.04,shipped
,cus_96493,2026-07-13T21:49:32.554Z,329.32,shipped
,cus_53128,2026-07-18T12:45:43.021Z,106.82,pending
,cus_58212,2026-07-14T12:30:34.413Z,495.14,shipped
,cus_96538,2026-07-10T04:05:23.927Z,267.52,pending
,cus_42792,2026-07-14T17:11:54.185Z,601.44,failed
,cus_14591,2026-07-19T17:00:36.450Z,284.55,pending
,cus_57322,2026-07-20T21:14:44.558Z,410.91,shipped
,cus_68515,2026-07-13T10:35:57.051Z,49.72,failed
,cus_23288,2026-07-14T16:53:11.247Z,862.17,failed
,cus_42711,2026-07-24T01:24:54.778Z,610.54,shipped
,cus_30898,2026-07-14T05:19:14.453Z,355.48,shipped
,cus_28159,2026-07-09T20:44:16.229Z,315.06,shipped
,cus_32684,2026-07-11T09:47:31.999Z,93.66,completed
,cus_90855,2026-07-15T17:16:27.154Z,276.14,pending
,cus_24955,2026-07-21T14:44:30.951Z,305.53,pending
,cus_74565,2026-07-17T04:44:36.323Z,820.05,pending
,cus_81549,2026-07-23T22:56:39.231Z,376.44,shipped
,cus_83875,2026-07-24T00:05:18.843Z,358.94,completed
,cus_95887,2026-07-21T05:08:56.885Z,527.39,shipped
,cus_70974,2026-07-12T22:17:33.711Z,580.47,completed
,cus_49958,2026-07-21T04:45:17.305Z,369.61,completed
,cus_64299,2026-07-11T04:20:00.357Z,404.25,completed
,cus_19999,2026-07-19T00:44:33.570Z,40.52,pending
,cus_10246,2026-07-22T22:23:20.843Z,276.32,shipped
,cus_55930,2026-07-23T17:23:19.310Z,275.80,shipped
,cus_97266,2026-07-12T04:52:34.249Z,146.67,pending
,cus_95497,2026-07-19T11:15:31.302Z,35.44,pending
,cus_85923,2026-07-20T09:11:52.212Z,547.61,completed
,cus_47266,2026-07-14T12:00:36.013Z,485.25,shipped
,cus_71187,2026-07-18T11:36:42.697Z,999.33,failed
,cus_28068,2026-07-14T10:08:07.432Z,814.12,shipped
,cus_22154,2026-07-19T12:25:05.491Z,872.20,failed
,cus_33536,2026-07-12T20:29:04.797Z,303.10,failed
,cus_23478,2026-07-22T06:32:24.800Z,576.69,pending
,cus_80125,2026-07-18T10:04:51.120Z,798.23,completed
,cus_29221,2026-07-24T04:29:40.251Z,422.63,pending
,cus_58851,2026-07-15T11:01:18.274Z,115.48,pending
,cus_14518,2026-07-09T23:52:59.734Z,98.85,shipped
,cus_30984,2026-07-13T19:24:44.556Z,138.15,failed
,cus_98482,2026-07-17T04:01:06.837Z,690.52,completed
,cus_18706,2026-07-14T13:25:37.604Z,648.99,pending
,cus_27226,2026-07-22T06:29:29.194Z,895.82,completed
,cus_24738,2026-07-21T05:49:22.721Z,637.34,shipped
,cus_51496,2026-07-15T00:22:39.306Z,429.75,shipped
,cus_62047,2026-07-11T04:20:30.141Z,644.10,completed
,cus_24229,2026-07-23T18:33:30.424Z,938.20,pending
,cus_33527,2026-07-23T11:36:20.338Z,814.32,pending
,cus_75986,2026-07-12T12:52:28.901Z,980.75,completed
,cus_57524,2026-07-15T18:01:27.455Z,152.18,shipped
,cus_44388,2026-07-21T14:09:15.426Z,904.16,pending
,cus_27526,2026-07-14T16:28:42.025Z,713.80,shipped
,cus_66529,2026-07-23T15:38:21.774Z,323.78,shipped
,cus_81914,2026-07-10T06:53:24.571Z,82.13,shipped
,cus_94669,2026-07-19T16:26:59.898Z,485.46,completed
,cus_58920,2026-07-16T13:42:31.490Z,724.39,failed
,cus_27334,2026-07-24T07:21:56.802Z,224.03,shipped
,cus_29798,2026-07-15T04:09:38.359Z,782.27,completed
,cus_25181,2026-07-12T21:35:37.267Z,356.97,failed
,cus_93173,2026-07-18T08:07:50.179Z,868.10,pending
,cus_62433,2026-07-20T02:17:22.821Z,425.71,completed
,cus_84928,2026-07-10T17:35:21.272Z,561.51,completed
,cus_10023,2026-07-14T11:50:14.485Z,602.68,completed
,cus_58462,2026-07-23T00:47:33.327Z,335.79,completed
,cus_21499,2026-07-14T14:33:12.493Z,570.24,pending
,cus_36528,2026-07-16T15:56:33.876Z,536.41,pending
,cus_24076,2026-07-11T11:42:42.209Z,305.47,completed
,cus_78258,2026-07-15T04:29:43.106Z,395.65,failed
,cus_63516,2026-07-15T09:38:20.852Z,557.48,shipped
,cus_83917,2026-07-17T06:50:23.471Z,71.64,completed
,cus_81039,2026-07-19T16:10:58.105Z,246.67,failed
,cus_72643,2026-07-20T05:41:48.084Z,975.97,completed
,cus_65701,2026-07-23T20:46:00.520Z,16.05,shipped
,cus_77726,2026-07-20T03:14:33.118Z,689.69,pending
,cus_34719,2026-07-10T16:39:56.446Z,186.64,shipped
,cus_50822,2026-07-17T12:04:32.121Z,362.63,pending
,cus_39351,2026-07-17T12:22:05.546Z,984.71,failed
,cus_36914,2026-07-21T03:39:54.124Z,197.20,failed
,cus_78555,2026-07-10T19:10:38.449Z,275.62,shipped
,cus_66469,2026-07-23T21:04:15.917Z,645.24,failed
,cus_44582,2026-07-23T22:19:46.712Z,374.37,completed
,cus_23914,2026-07-22T02:45:59.834Z,367.93,pending
,cus_46954,2026-07-13T19:11:22.998Z,907.41,completed
,cus_16910,2026-07-20T10:16:55.595Z,485.17,completed
,cus_46568,2026-07-10T16:29:45.446Z,270.54,completed
,cus_43223,2026-07-11T07:46:45.685Z,846.94,pending
,cus_84540,2026-07-17T05:28:48.358Z,748.33,pending
,cus_80778,2026-07-17T22:01:49.916Z,191.39,completed
,cus_24529,2026-07-22T20:51:50.604Z,858.72,pending
,cus_70771,2026-07-18T21:19:41.574Z,86.11,shipped
,cus_93421,2026-07-20T06:32:29.330Z,637.09,failed
,cus_87244,2026-07-13T10:34:16.486Z,79.78,shipped
,cus_25176,2026-07-19T00:50:31.768Z,34.07,pending
,cus_36358,2026-07-19T19:45:01.958Z,690.54,completed
,cus_29375,2026-07-15T17:09:08.049Z,71.83,completed
,cus_46727,2026-07-13T14:24:24.172Z,182.58,completed
,cus_90028,2026-07-13T06:56:44.359Z,261.24,shipped
,,2026-07-24,100.00,completed
,cus_55555,,100.00,completed
,cus_66666,2026-07-24,invalid,completed
